trap_visit_date,trap_id,note,males,females,previous_trap_visit_date,previous_note,trap_rate
2019-07-03,1,1 live male specimen,3,4,,,
2019-07-03,24,1 live female,1,2,,,
2019-07-03,23,Deceased,0,3,,,
2019-07-03,22,1 live male,2,1,,,
2019-07-03,21,,0,0,,,
2019-07-03,20,1 live female,2,2,,,
2019-07-03,19,1 live male,3,2,,,
2019-07-03,17,Deceased,1,0,,,
2019-07-03,16,Deceased,0,2,,,
2019-07-03,15,Deceased,0,3,,,
2019-07-03,14,,0,0,,,
2019-07-03,13,,0,0,,,
2019-07-03,18,Deceased,0,1,,,
2019-07-03,11,,0,0,,,
2019-07-03,10,Deceased,0,1,,,
2019-07-03,9,Dead,0,3,,,
2019-07-03,8,Deceased,3,1,,,
2019-07-03,7,Dead,1,0,,,
2019-07-03,6,Live male,1,3,,,
2019-07-03,5,Deceased,1,3,,,
2019-07-03,4,1 live male,3,1,,,
2019-07-03,3,Deceased,2,3,,,
2019-07-03,2,All dead,2,6,,,
2019-07-03,12,,1,0,,,
2019-07-10,15,,1,1,2019-07-03,Deceased,0.2857142857142857
2019-07-10,16,,0,1,2019-07-03,Deceased,0.14285714285714285
2019-07-10,17,,1,0,2019-07-03,Deceased,0.14285714285714285
2019-07-10,18,,0,1,2019-07-03,Deceased,0.14285714285714285
2019-07-10,24,,0,3,2019-07-03,1 live female,0.42857142857142855
2019-07-10,19,,2,5,2019-07-03,1 live male,1.0
2019-07-10,22,,0,3,2019-07-03,1 live male,0.42857142857142855
2019-07-10,21,,1,0,2019-07-03,,0.14285714285714285
2019-07-10,20,,1,2,2019-07-03,1 live female,0.42857142857142855
2019-07-10,14,,3,1,2019-07-03,,0.5714285714285714
2019-07-10,23,,0,0,2019-07-03,Deceased,0.0
2019-07-10,13,,2,1,2019-07-03,,0.42857142857142855
2019-07-10,10,,0,0,2019-07-03,Deceased,0.0
2019-07-10,11,,0,0,2019-07-03,,0.0
2019-07-10,12,,0,0,2019-07-03,,0.0
2019-07-10,1,,3,7,2019-07-03,1 live male specimen,1.4285714285714286
2019-07-10,3,,2,0,2019-07-03,Deceased,0.2857142857142857
2019-07-10,4,,3,1,2019-07-03,1 live male,0.5714285714285714
2019-07-10,5,,2,2,2019-07-03,Deceased,0.5714285714285714
2019-07-10,2,,2,0,2019-07-03,All dead,0.2857142857142857
2019-07-10,7,,0,2,2019-07-03,Dead,0.2857142857142857
2019-07-10,8,,2,2,2019-07-03,Deceased,0.5714285714285714
2019-07-10,9,,0,2,2019-07-03,Dead,0.2857142857142857
2019-07-10,6,,2,0,2019-07-03,Live male,0.2857142857142857
2019-07-17,30,,2,1,,,
2019-07-17,24,,2,0,2019-07-10,,0.2857142857142857
2019-07-17,25,,2,2,,,
2019-07-17,27,,0,1,,,
2019-07-17,23,,0,1,2019-07-10,,0.14285714285714285
2019-07-17,28,,0,1,,,
2019-07-17,29,,0,1,,,
2019-07-17,31,,1,2,,,
2019-07-17,37,,0,4,,,
2019-07-17,33,,2,1,,,
2019-07-17,34,,3,2,,,
2019-07-17,35,,0,1,,,
2019-07-17,36,,0,0,,,
2019-07-17,38,,1,2,,,
2019-07-17,39,,2,0,,,
2019-07-17,40,,1,1,,,
2019-07-17,22,,1,0,2019-07-10,,0.14285714285714285
2019-07-17,32,,1,1,,,
2019-07-17,21,,5,0,2019-07-10,,0.7142857142857143
2019-07-17,26,,0,0,,,
2019-07-17,19,,1,0,2019-07-10,,0.14285714285714285
2019-07-17,2,,0,3,2019-07-10,,0.42857142857142855
2019-07-17,3,Changed lure,2,0,2019-07-10,,0.2857142857142857
2019-07-17,4,,5,4,2019-07-10,,1.2857142857142858
2019-07-17,5,,1,1,2019-07-10,,0.2857142857142857
2019-07-17,6,Changed lure,0,1,2019-07-10,,0.14285714285714285
2019-07-17,7,,2,1,2019-07-10,,0.42857142857142855
2019-07-17,8,,3,2,2019-07-10,,0.7142857142857143
2019-07-17,9,,1,0,2019-07-10,,0.14285714285714285
2019-07-17,10,,0,0,2019-07-10,,0.0
2019-07-17,1,,2,2,2019-07-10,,0.5714285714285714
2019-07-17,12,,0,0,2019-07-10,,0.0
2019-07-17,11,,0,0,2019-07-10,,0.0
2019-07-17,18,,0,2,2019-07-10,,0.2857142857142857
2019-07-17,17,,1,2,2019-07-10,,0.42857142857142855
2019-07-17,16,,0,0,2019-07-10,,0.0
2019-07-17,20,,1,2,2019-07-10,,0.42857142857142855
2019-07-17,14,,0,0,2019-07-10,,0.0
2019-07-17,13,,0,1,2019-07-10,,0.14285714285714285
2019-07-17,15,,1,2,2019-07-10,,0.42857142857142855
2019-07-24,40,,0,1,2019-07-17,,0.14285714285714285
2019-07-24,22,,0,2,2019-07-17,,0.2857142857142857
2019-07-24,23,,0,0,2019-07-17,,0.0
2019-07-24,24,,0,0,2019-07-17,,0.0
2019-07-24,25,,4,0,2019-07-17,,0.5714285714285714
2019-07-24,26,,1,0,2019-07-17,,0.14285714285714285
2019-07-24,27,,0,1,2019-07-17,,0.14285714285714285
2019-07-24,28,,0,1,2019-07-17,,0.14285714285714285
2019-07-24,29,,1,0,2019-07-17,,0.14285714285714285
2019-07-24,31,,0,2,2019-07-17,,0.2857142857142857
2019-07-24,32,,2,0,2019-07-17,,0.2857142857142857
2019-07-24,33,,2,1,2019-07-17,,0.42857142857142855
2019-07-24,35,,0,0,2019-07-17,,0.0
2019-07-24,36,,1,0,2019-07-17,,0.14285714285714285
2019-07-24,37,,2,1,2019-07-17,,0.42857142857142855
2019-07-24,38,,1,3,2019-07-17,,0.5714285714285714
2019-07-24,39,,0,0,2019-07-17,,0.0
2019-07-24,21,,4,1,2019-07-17,,0.7142857142857143
2019-07-24,30,,2,0,2019-07-17,,0.2857142857142857
2019-07-24,34,,0,4,2019-07-17,,0.5714285714285714
2019-07-24,20,,3,1,2019-07-17,,0.5714285714285714
2019-07-24,18,,1,1,2019-07-17,,0.2857142857142857
2019-07-24,19,,0,1,2019-07-17,,0.14285714285714285
2019-07-24,1,,3,0,2019-07-17,,0.42857142857142855
2019-07-24,2,,2,1,2019-07-17,,0.42857142857142855
2019-07-24,3,,1,3,2019-07-17,Changed lure,0.5714285714285714
2019-07-24,4,,1,0,2019-07-17,,0.14285714285714285
2019-07-24,6,,0,1,2019-07-17,Changed lure,0.14285714285714285
2019-07-24,7,,0,1,2019-07-17,,0.14285714285714285
2019-07-24,8,,1,3,2019-07-17,,0.5714285714285714
2019-07-24,5,,0,0,2019-07-17,,0.0
2019-07-24,10,,0,1,2019-07-17,,0.14285714285714285
2019-07-24,9,,1,0,2019-07-17,,0.14285714285714285
2019-07-24,16,,1,0,2019-07-17,,0.14285714285714285
2019-07-24,15,,2,0,2019-07-17,,0.2857142857142857
2019-07-24,14,,0,1,2019-07-17,,0.14285714285714285
2019-07-24,17,,0,3,2019-07-17,,0.42857142857142855
2019-07-24,12,,0,0,2019-07-17,,0.0
2019-07-24,11,,1,0,2019-07-17,,0.14285714285714285
2019-07-24,13,,0,1,2019-07-17,,0.14285714285714285
2019-07-31,30,,3,1,2019-07-24,,0.5714285714285714
2019-07-31,23,,0,1,2019-07-24,,0.14285714285714285
2019-07-31,24,,0,0,2019-07-24,,0.0
2019-07-31,25,,2,0,2019-07-24,,0.2857142857142857
2019-07-31,27,,0,0,2019-07-24,,0.0
2019-07-31,28,,1,0,2019-07-24,,0.14285714285714285
2019-07-31,29,,0,2,2019-07-24,,0.2857142857142857
2019-07-31,31,,4,1,2019-07-24,,0.7142857142857143
2019-07-31,22,,3,0,2019-07-24,,0.42857142857142855
2019-07-31,33,,0,0,2019-07-24,,0.0
2019-07-31,34,,1,1,2019-07-24,,0.2857142857142857
2019-07-31,35,,1,1,2019-07-24,,0.2857142857142857
2019-07-31,36,,1,4,2019-07-24,,0.7142857142857143
2019-07-31,37,,2,3,2019-07-24,,0.7142857142857143
2019-07-31,38,,1,1,2019-07-24,,0.2857142857142857
2019-07-31,39,,2,0,2019-07-24,,0.2857142857142857
2019-07-31,40,,1,1,2019-07-24,,0.2857142857142857
2019-07-31,32,,0,2,2019-07-24,,0.2857142857142857
2019-07-31,21,,2,1,2019-07-24,,0.42857142857142855
2019-07-31,26,,2,0,2019-07-24,,0.2857142857142857
2019-07-31,19,,0,1,2019-07-24,,0.14285714285714285
2019-07-31,1,,2,1,2019-07-24,,0.42857142857142855
2019-07-31,2,,4,1,2019-07-24,,0.7142857142857143
2019-07-31,3,,1,3,2019-07-24,,0.5714285714285714
2019-07-31,4,,1,1,2019-07-24,,0.2857142857142857
2019-07-31,5,,0,2,2019-07-24,,0.2857142857142857
2019-07-31,6,,0,1,2019-07-24,,0.14285714285714285
2019-07-31,7,,1,0,2019-07-24,,0.14285714285714285
2019-07-31,8,,0,0,2019-07-24,,0.0
2019-07-31,9,,1,3,2019-07-24,,0.5714285714285714
2019-07-31,20,,0,0,2019-07-24,,0.0
2019-07-31,11,,0,0,2019-07-24,,0.0
2019-07-31,10,,1,0,2019-07-24,,0.14285714285714285
2019-07-31,17,,0,0,2019-07-24,,0.0
2019-07-31,16,,1,0,2019-07-24,,0.14285714285714285
2019-07-31,15,,0,0,2019-07-24,,0.0
2019-07-31,18,,0,0,2019-07-24,,0.0
2019-07-31,14,,1,5,2019-07-24,,0.8571428571428571
2019-07-31,13,,0,0,2019-07-24,,0.0
2019-07-31,12,,2,0,2019-07-24,,0.2857142857142857
2019-08-07,20,,2,0,2019-07-31,,0.2857142857142857
2019-08-07,14,,1,0,2019-07-31,,0.14285714285714285
2019-08-07,15,,0,2,2019-07-31,,0.2857142857142857
2019-08-07,17,,1,0,2019-07-31,,0.14285714285714285
2019-08-07,18,,2,2,2019-07-31,,0.5714285714285714
2019-08-07,19,,1,0,2019-07-31,,0.14285714285714285
2019-08-07,13,,1,1,2019-07-31,,0.2857142857142857
2019-08-07,21,,0,1,2019-07-31,,0.14285714285714285
2019-08-07,25,,2,1,2019-07-31,,0.42857142857142855
2019-08-07,23,,0,2,2019-07-31,,0.2857142857142857
2019-08-07,24,,0,1,2019-07-31,,0.14285714285714285
2019-08-07,12,,0,0,2019-07-31,,0.0
2019-08-07,26,,1,0,2019-07-31,,0.14285714285714285
2019-08-07,27,,0,0,2019-07-31,,0.0
2019-08-07,28,,2,1,2019-07-31,,0.42857142857142855
2019-08-07,29,,1,1,2019-07-31,,0.2857142857142857
2019-08-07,30,,1,0,2019-07-31,,0.14285714285714285
2019-08-07,22,,0,0,2019-07-31,,0.0
2019-08-07,11,,0,0,2019-07-31,,0.0
2019-08-07,16,,1,0,2019-07-31,,0.14285714285714285
2019-08-07,9,,0,0,2019-07-31,,0.0
2019-08-07,40,,1,0,2019-07-31,,0.14285714285714285
2019-08-07,39,,0,0,2019-07-31,,0.0
2019-08-07,38,,3,0,2019-07-31,,0.42857142857142855
2019-08-07,37,,4,0,2019-07-31,,0.5714285714285714
2019-08-07,36,,0,2,2019-07-31,,0.2857142857142857
2019-08-07,35,,0,0,2019-07-31,,0.0
2019-08-07,34,,0,0,2019-07-31,,0.0
2019-08-07,33,,1,0,2019-07-31,,0.14285714285714285
2019-08-07,32,,2,0,2019-07-31,,0.2857142857142857
2019-08-07,10,,0,1,2019-07-31,,0.14285714285714285
2019-08-07,1,,2,0,2019-07-31,,0.2857142857142857
2019-08-07,2,,1,1,2019-07-31,,0.2857142857142857
2019-08-07,3,,1,4,2019-07-31,,0.7142857142857143
2019-08-07,4,,1,0,2019-07-31,,0.14285714285714285
2019-08-07,5,,1,1,2019-07-31,,0.2857142857142857
2019-08-07,6,,1,2,2019-07-31,,0.42857142857142855
2019-08-07,7,,1,1,2019-07-31,,0.2857142857142857
2019-08-07,8,,0,0,2019-07-31,,0.0
2019-08-07,31,,3,2,2019-07-31,,0.7142857142857143
2019-08-21,28,,1,0,2019-08-07,,0.07142857142857142
2019-08-21,27,,0,0,2019-08-07,,0.0
2019-08-21,26,,0,2,2019-08-07,,0.14285714285714285
2019-08-21,22,,0,0,2019-08-07,,0.0
2019-08-21,24,,1,0,2019-08-07,,0.07142857142857142
2019-08-21,23,,1,0,2019-08-07,,0.07142857142857142
2019-08-21,29,,1,1,2019-08-07,,0.14285714285714285
2019-08-21,25,,0,4,2019-08-07,,0.2857142857142857
2019-08-21,30,,1,2,2019-08-07,,0.21428571428571427
2019-08-21,34,,1,1,2019-08-07,,0.14285714285714285
2019-08-21,32,,0,2,2019-08-07,,0.14285714285714285
2019-08-21,33,,0,1,2019-08-07,,0.07142857142857142
2019-08-21,35,,1,2,2019-08-07,,0.21428571428571427
2019-08-21,36,,0,3,2019-08-07,,0.21428571428571427
2019-08-21,37,,2,1,2019-08-07,,0.21428571428571427
2019-08-21,38,,0,2,2019-08-07,,0.14285714285714285
2019-08-21,39,,2,2,2019-08-07,,0.2857142857142857
2019-08-21,21,,0,3,2019-08-07,,0.21428571428571427
2019-08-21,31,,1,1,2019-08-07,,0.14285714285714285
2019-08-21,40,,3,5,2019-08-07,,0.5714285714285714
2019-08-21,20,,1,1,2019-08-07,,0.14285714285714285
2019-08-21,18,,1,1,2019-08-07,,0.14285714285714285
2019-08-21,1,,0,2,2019-08-07,,0.14285714285714285
2019-08-21,2,,3,5,2019-08-07,,0.5714285714285714
2019-08-21,3,,3,3,2019-08-07,,0.42857142857142855
2019-08-21,4,,1,1,2019-08-07,,0.14285714285714285
2019-08-21,5,,0,0,2019-08-07,,0.0
2019-08-21,6,,2,1,2019-08-07,,0.21428571428571427
2019-08-21,7,,1,2,2019-08-07,,0.21428571428571427
2019-08-21,8,,2,3,2019-08-07,,0.35714285714285715
2019-08-21,19,,1,0,2019-08-07,,0.07142857142857142
2019-08-21,10,,1,2,2019-08-07,,0.21428571428571427
2019-08-21,11,,0,0,2019-08-07,,0.0
2019-08-21,12,,0,0,2019-08-07,,0.0
2019-08-21,13,,0,1,2019-08-07,,0.07142857142857142
2019-08-21,14,,1,2,2019-08-07,,0.21428571428571427
2019-08-21,15,,0,0,2019-08-07,,0.0
2019-08-21,16,,0,0,2019-08-07,,0.0
2019-08-21,17,,2,1,2019-08-07,,0.21428571428571427
2019-08-21,9,,1,1,2019-08-07,,0.14285714285714285
2019-08-23,18,,0,0,2019-08-21,,0.0
2019-08-23,17,,0,1,2019-08-21,,0.5
2019-08-23,16,,0,1,2019-08-21,,0.5
2019-08-23,12,,1,2,2019-08-21,,1.5
2019-08-23,14,,1,0,2019-08-21,,0.5
2019-08-23,13,,0,0,2019-08-21,,0.0
2019-08-23,19,lure,0,0,2019-08-21,,0.0
2019-08-23,15,,2,0,2019-08-21,,1.0
2019-08-23,20,lure,1,1,2019-08-21,,1.0
2019-08-23,24,,0,0,2019-08-21,,0.0
2019-08-23,22,,1,0,2019-08-21,,0.5
2019-08-23,23,,0,2,2019-08-21,,1.0
2019-08-23,25,,2,1,2019-08-21,,1.5
2019-08-23,26,,0,0,2019-08-21,,0.0
2019-08-23,27,,1,1,2019-08-21,,1.0
2019-08-23,28,lure,2,2,2019-08-21,,2.0
2019-08-23,11,,1,0,2019-08-21,,0.5
2019-08-23,30,lure,0,1,2019-08-21,,0.5
2019-08-23,21,,1,1,2019-08-21,,1.0
2019-08-23,29,,1,3,2019-08-21,,2.0
2019-08-23,10,,0,1,2019-08-21,,0.5
2019-08-23,8,,2,1,2019-08-21,,1.5
2019-08-23,9,,0,4,2019-08-21,,2.0
2019-08-23,40,,5,4,2019-08-21,,4.5
2019-08-23,39,,1,1,2019-08-21,,1.0
2019-08-23,38,lure,0,1,2019-08-21,,0.5
2019-08-23,37,,0,1,2019-08-21,,0.5
2019-08-23,35,,1,1,2019-08-21,,1.0
2019-08-23,34,,2,4,2019-08-21,,3.0
2019-08-23,33,,2,1,2019-08-21,,1.5
2019-08-23,36,,1,1,2019-08-21,,1.0
2019-08-23,31,,3,3,2019-08-21,,3.0
2019-08-23,32,,2,0,2019-08-21,,1.0
2019-08-23,6,,1,2,2019-08-21,,1.5
2019-08-23,5,,0,0,2019-08-21,,0.0
2019-08-23,4,,3,0,2019-08-21,,1.5
2019-08-23,7,,1,0,2019-08-21,,0.5
2019-08-23,2,,2,0,2019-08-21,,1.0
2019-08-23,1,,0,0,2019-08-21,,0.0
2019-08-23,3,,1,1,2019-08-21,,1.0
2019-08-28,20,,0,0,2019-08-23,lure,0.0
2019-08-28,13,,0,2,2019-08-23,,0.4
2019-08-28,14,,0,0,2019-08-23,,0.0
2019-08-28,15,,1,0,2019-08-23,,0.2
2019-08-28,17,,0,0,2019-08-23,,0.0
2019-08-28,18,,0,0,2019-08-23,,0.0
2019-08-28,19,,0,2,2019-08-23,lure,0.4
2019-08-28,21,,0,1,2019-08-23,,0.2
2019-08-28,12,,0,0,2019-08-23,,0.0
2019-08-28,23,,1,1,2019-08-23,,0.4
2019-08-28,24,,2,2,2019-08-23,,0.8
2019-08-28,25,,2,0,2019-08-23,,0.4
2019-08-28,26,lure,2,2,2019-08-23,,0.8
2019-08-28,27,,0,0,2019-08-23,,0.0
2019-08-28,28,lure,0,0,2019-08-23,lure,0.0
2019-08-28,29,,1,0,2019-08-23,,0.2
2019-08-28,30,,2,0,2019-08-23,lure,0.4
2019-08-28,22,,0,0,2019-08-23,,0.0
2019-08-28,11,,0,1,2019-08-23,,0.2
2019-08-28,16,,1,1,2019-08-23,,0.4
2019-08-28,9,,1,1,2019-08-23,,0.4
2019-08-28,40,,2,0,2019-08-23,,0.4
2019-08-28,39,,0,0,2019-08-23,,0.0
2019-08-28,38,,0,0,2019-08-23,lure,0.0
2019-08-28,37,,0,1,2019-08-23,,0.2
2019-08-28,36,,1,0,2019-08-23,,0.2
2019-08-28,35,,0,0,2019-08-23,,0.0
2019-08-28,34,,4,0,2019-08-23,,0.8
2019-08-28,33,,1,0,2019-08-23,,0.2
2019-08-28,32,,1,1,2019-08-23,,0.4
2019-08-28,10,,0,0,2019-08-23,,0.0
2019-08-28,1,,0,0,2019-08-23,,0.0
2019-08-28,7,lure,1,0,2019-08-23,,0.2
2019-08-28,6,,0,1,2019-08-23,,0.2
2019-08-28,5,,1,0,2019-08-23,,0.2
2019-08-28,8,,2,0,2019-08-23,,0.4
2019-08-28,4,lure,1,2,2019-08-23,,0.6
2019-08-28,3,lure,1,0,2019-08-23,,0.2
2019-08-28,2,,2,2,2019-08-23,,0.8
2019-08-28,31,,2,1,2019-08-23,,0.6
2019-09-04,20,,0,1,2019-08-28,,0.14285714285714285
2019-09-04,13,,3,0,2019-08-28,,0.42857142857142855
2019-09-04,14,lure,0,0,2019-08-28,,0.0
2019-09-04,16,,1,0,2019-08-28,,0.14285714285714285
2019-09-04,17,,2,0,2019-08-28,,0.2857142857142857
2019-09-04,18,,0,0,2019-08-28,,0.0
2019-09-04,19,,0,0,2019-08-28,,0.0
2019-09-04,21,,2,2,2019-08-28,,0.5714285714285714
2019-09-04,26,,0,0,2019-08-28,lure,0.0
2019-09-04,23,lure,2,1,2019-08-28,,0.42857142857142855
2019-09-04,24,,0,2,2019-08-28,,0.2857142857142857
2019-09-04,25,,1,3,2019-08-28,,0.5714285714285714
2019-09-04,12,,3,2,2019-08-28,,0.7142857142857143
2019-09-04,27,,0,1,2019-08-28,,0.14285714285714285
2019-09-04,28,,1,1,2019-08-28,lure,0.2857142857142857
2019-09-04,29,,1,2,2019-08-28,,0.42857142857142855
2019-09-04,30,,1,1,2019-08-28,,0.2857142857142857
2019-09-04,22,,1,2,2019-08-28,,0.42857142857142855
2019-09-04,11,,0,0,2019-08-28,,0.0
2019-09-04,15,,0,0,2019-08-28,,0.0
2019-09-04,9,,1,0,2019-08-28,,0.14285714285714285
2019-09-04,10,,3,4,2019-08-28,,1.0
2019-09-04,39,lure,1,0,2019-08-28,,0.14285714285714285
2019-09-04,38,,2,1,2019-08-28,,0.42857142857142855
2019-09-04,37,,1,3,2019-08-28,,0.5714285714285714
2019-09-04,36,,1,1,2019-08-28,,0.2857142857142857
2019-09-04,35,lure,1,0,2019-08-28,,0.14285714285714285
2019-09-04,34,,0,1,2019-08-28,,0.14285714285714285
2019-09-04,33,,0,2,2019-08-28,,0.2857142857142857
2019-09-04,32,lure,1,1,2019-08-28,,0.2857142857142857
2019-09-04,40,,1,2,2019-08-28,,0.42857142857142855
2019-09-04,1,,0,0,2019-08-28,,0.0
2019-09-04,31,,3,1,2019-08-28,,0.5714285714285714
2019-09-04,7,,2,0,2019-08-28,lure,0.2857142857142857
2019-09-04,6,,2,1,2019-08-28,,0.42857142857142855
2019-09-04,8,,0,2,2019-08-28,,0.2857142857142857
2019-09-04,4,,0,0,2019-08-28,lure,0.0
2019-09-04,3,,0,3,2019-08-28,lure,0.42857142857142855
2019-09-04,2,,2,0,2019-08-28,,0.2857142857142857
2019-09-04,5,,1,1,2019-08-28,,0.2857142857142857
2019-09-11,13,,0,1,2019-09-04,,0.14285714285714285
2019-09-11,19,,1,1,2019-09-04,,0.2857142857142857
2019-09-11,14,,0,0,2019-09-04,lure,0.0
2019-09-11,30,,0,0,2019-09-04,,0.0
2019-09-11,16,lure,0,0,2019-09-04,,0.0
2019-09-11,17,lure,1,2,2019-09-04,,0.42857142857142855
2019-09-11,18,lure,0,0,2019-09-04,,0.0
2019-09-11,20,lure,0,1,2019-09-04,,0.14285714285714285
2019-09-11,25,,1,0,2019-09-04,,0.14285714285714285
2019-09-11,22,,0,0,2019-09-04,,0.0
2019-09-11,23,,0,0,2019-09-04,lure,0.0
2019-09-11,24,lure,0,0,2019-09-04,,0.0
2019-09-11,26,,0,2,2019-09-04,,0.2857142857142857
2019-09-11,27,lure,1,0,2019-09-04,,0.14285714285714285
2019-09-11,28,,1,1,2019-09-04,,0.2857142857142857
2019-09-11,29,lure,1,1,2019-09-04,,0.2857142857142857
2019-09-11,12,,0,0,2019-09-04,,0.0
2019-09-11,21,,0,0,2019-09-04,,0.0
2019-09-11,11,,0,0,2019-09-04,,0.0
2019-09-11,15,,0,1,2019-09-04,,0.14285714285714285
2019-09-11,9,lure,0,0,2019-09-04,,0.0
2019-09-11,40,lure,1,0,2019-09-04,,0.14285714285714285
2019-09-11,39,,2,0,2019-09-04,lure,0.2857142857142857
2019-09-11,38,,0,1,2019-09-04,,0.14285714285714285
2019-09-11,37,,0,1,2019-09-04,,0.14285714285714285
2019-09-11,36,lure,0,0,2019-09-04,,0.0
2019-09-11,35,,1,1,2019-09-04,lure,0.2857142857142857
2019-09-11,34,,0,0,2019-09-04,,0.0
2019-09-11,33,lure,0,1,2019-09-04,,0.14285714285714285
2019-09-11,32,,0,2,2019-09-04,lure,0.2857142857142857
2019-09-11,10,,0,0,2019-09-04,,0.0
2019-09-11,1,lure,0,1,2019-09-04,,0.14285714285714285
2019-09-11,2,,1,2,2019-09-04,,0.42857142857142855
2019-09-11,3,,0,0,2019-09-04,,0.0
2019-09-11,4,,0,2,2019-09-04,,0.2857142857142857
2019-09-11,5,,0,3,2019-09-04,,0.42857142857142855
2019-09-11,6,,0,0,2019-09-04,,0.0
2019-09-11,7,,0,1,2019-09-04,,0.14285714285714285
2019-09-11,8,lure,0,0,2019-09-04,,0.0
2019-09-11,31,lure,0,2,2019-09-04,,0.2857142857142857
2019-09-18,19,,0,0,2019-09-11,,0.0
2019-09-18,18,,0,0,2019-09-11,lure,0.0
2019-09-18,17,,0,2,2019-09-11,lure,0.2857142857142857
2019-09-18,13,,0,1,2019-09-11,,0.14285714285714285
2019-09-18,14,,1,2,2019-09-11,,0.42857142857142855
2019-09-18,20,,0,1,2019-09-11,lure,0.14285714285714285
2019-09-18,16,,1,2,2019-09-11,lure,0.42857142857142855
2019-09-18,21,,1,1,2019-09-11,,0.2857142857142857
2019-09-18,25,,0,1,2019-09-11,,0.14285714285714285
2019-09-18,23,,0,0,2019-09-11,,0.0
2019-09-18,24,,0,0,2019-09-11,lure,0.0
2019-09-18,12,,1,1,2019-09-11,,0.2857142857142857
2019-09-18,26,,0,0,2019-09-11,,0.0
2019-09-18,27,,0,0,2019-09-11,lure,0.0
2019-09-18,28,,0,2,2019-09-11,,0.2857142857142857
2019-09-18,29,,0,1,2019-09-11,lure,0.14285714285714285
2019-09-18,30,,0,0,2019-09-11,,0.0
2019-09-18,22,,2,1,2019-09-11,,0.42857142857142855
2019-09-18,11,,1,0,2019-09-11,,0.14285714285714285
2019-09-18,15,,1,0,2019-09-11,,0.14285714285714285
2019-09-18,9,,0,0,2019-09-11,lure,0.0
2019-09-18,40,,3,4,2019-09-11,lure,1.0
2019-09-18,39,,4,1,2019-09-11,,0.7142857142857143
2019-09-18,38,,1,0,2019-09-11,,0.14285714285714285
2019-09-18,37,,0,3,2019-09-11,,0.42857142857142855
2019-09-18,36,,3,2,2019-09-11,lure,0.7142857142857143
2019-09-18,35,,0,3,2019-09-11,,0.42857142857142855
2019-09-18,34,,1,2,2019-09-11,,0.42857142857142855
2019-09-18,33,,0,1,2019-09-11,lure,0.14285714285714285
2019-09-18,32,,0,3,2019-09-11,,0.42857142857142855
2019-09-18,10,,0,0,2019-09-11,,0.0
2019-09-18,1,,1,1,2019-09-11,lure,0.2857142857142857
2019-09-18,2,,1,1,2019-09-11,,0.2857142857142857
2019-09-18,3,,0,0,2019-09-11,,0.0
2019-09-18,4,,0,0,2019-09-11,,0.0
2019-09-18,5,,2,1,2019-09-11,,0.42857142857142855
2019-09-18,6,,0,0,2019-09-11,,0.0
2019-09-18,7,,0,0,2019-09-11,,0.0
2019-09-18,10,,3,0,2019-09-11,,0.42857142857142855
2019-09-18,31,,0,1,2019-09-11,lure,0.14285714285714285
2019-09-25,18,,5,0,2019-09-18,,0.7142857142857143
2019-09-25,17,,1,1,2019-09-18,,0.2857142857142857
2019-09-25,12,,1,1,2019-09-18,,0.2857142857142857
2019-09-25,14,,15,1,2019-09-18,,2.2857142857142856
2019-09-25,13,,0,0,2019-09-18,,0.0
2019-09-25,19,,1,2,2019-09-18,,0.42857142857142855
2019-09-25,16,,0,0,2019-09-18,,0.0
2019-09-25,20,,0,1,2019-09-18,,0.14285714285714285
2019-09-25,25,,0,1,2019-09-18,,0.14285714285714285
2019-09-25,22,,0,0,2019-09-18,,0.0
2019-09-25,23,,0,1,2019-09-18,,0.14285714285714285
2019-09-25,24,,0,0,2019-09-18,,0.0
2019-09-25,26,,0,1,2019-09-18,,0.14285714285714285
2019-09-25,27,,1,2,2019-09-18,,0.42857142857142855
2019-09-25,28,,2,1,2019-09-18,,0.42857142857142855
2019-09-25,29,,1,0,2019-09-18,,0.14285714285714285
2019-09-25,11,,0,0,2019-09-18,,0.0
2019-09-25,21,,0,3,2019-09-18,,0.42857142857142855
2019-09-25,30,,0,0,2019-09-18,,0.0
2019-09-25,10,,0,0,2019-09-18,,0.0
2019-09-25,8,,1,1,2019-09-11,lure,0.14285714285714285
2019-09-25,40,,1,5,2019-09-18,,0.8571428571428571
2019-09-25,39,,3,3,2019-09-18,,0.8571428571428571
2019-09-25,38,,0,2,2019-09-18,,0.2857142857142857
2019-09-25,37,,0,4,2019-09-18,,0.5714285714285714
2019-09-25,36,,1,1,2019-09-18,,0.2857142857142857
2019-09-25,35,,1,2,2019-09-18,,0.42857142857142855
2019-09-25,34,,2,0,2019-09-18,,0.2857142857142857
2019-09-25,33,,0,2,2019-09-18,,0.2857142857142857
2019-09-25,9,,2,2,2019-09-18,,0.5714285714285714
2019-09-25,31,,0,0,2019-09-18,,0.0
2019-09-25,1,,0,0,2019-09-18,,0.0
2019-09-25,2,,2,1,2019-09-18,,0.42857142857142855
2019-09-25,3,,1,0,2019-09-18,,0.14285714285714285
2019-09-25,4,,0,4,2019-09-18,,0.5714285714285714
2019-09-25,5,,0,0,2019-09-18,,0.0
2019-09-25,6,,0,0,2019-09-18,,0.0
2019-09-25,7,,1,1,2019-09-18,,0.2857142857142857
2019-09-25,32,,1,2,2019-09-18,,0.42857142857142855
2019-10-18,19,lure,1,4,2019-09-25,,0.21739130434782608
2019-10-18,18,,3,2,2019-09-25,,0.21739130434782608
2019-10-18,17,,3,6,2019-09-25,,0.391304347826087
2019-10-18,13,lure,3,3,2019-09-25,,0.2608695652173913
2019-10-18,14,lure,2,2,2019-09-25,,0.17391304347826086
2019-10-18,20,,2,3,2019-09-25,,0.21739130434782608
2019-10-18,16,,6,4,2019-09-25,,0.43478260869565216
2019-10-18,21,lure,3,2,2019-09-25,,0.21739130434782608
2019-10-18,26,lure,1,1,2019-09-25,,0.08695652173913043
2019-10-18,23,lure,4,4,2019-09-25,,0.34782608695652173
2019-10-18,24,,6,5,2019-09-25,,0.4782608695652174
2019-10-18,12,lure,0,2,2019-09-25,,0.08695652173913043
2019-10-18,26,,0,1,2019-09-25,,0.043478260869565216
2019-10-18,27,,5,0,2019-09-25,,0.21739130434782608
2019-10-18,28,lure,0,0,2019-09-25,,0.0
2019-10-18,29,,4,4,2019-09-25,,0.34782608695652173
2019-10-18,30,lure,1,1,2019-09-25,,0.08695652173913043
2019-10-18,22,lure,1,1,2019-09-25,,0.08695652173913043
2019-10-18,11,lure,1,1,2019-09-25,,0.08695652173913043
2019-10-18,15,lure,1,2,2019-09-18,,0.1
2019-10-18,9,,0,3,2019-09-25,,0.13043478260869565
2019-10-18,40,lure,3,3,2019-09-25,,0.2608695652173913
2019-10-18,39,,3,7,2019-09-25,,0.43478260869565216
2019-10-18,38,lure,1,2,2019-09-25,,0.13043478260869565
2019-10-18,37,,2,3,2019-09-25,,0.21739130434782608
2019-10-18,36,lure,3,6,2019-09-25,,0.391304347826087
2019-10-18,35,lure,4,4,2019-09-25,,0.34782608695652173
2019-10-18,34,lure,3,1,2019-09-25,,0.17391304347826086
2019-10-18,33,,4,5,2019-09-25,,0.391304347826087
2019-10-18,32,lure,2,3,2019-09-25,,0.21739130434782608
2019-10-18,10,lure,1,2,2019-09-25,,0.13043478260869565
2019-10-18,1,lure,0,0,2019-09-25,,0.0
2019-10-18,2,lure,0,0,2019-09-25,,0.0
2019-10-18,3,,1,0,2019-09-25,,0.043478260869565216
2019-10-18,4,,6,5,2019-09-25,,0.4782608695652174
2019-10-18,5,lure,2,1,2019-09-25,,0.13043478260869565
2019-10-18,6,lure,0,0,2019-09-25,,0.0
2019-10-18,7,lure,6,5,2019-09-25,,0.4782608695652174
2019-10-18,8,,6,7,2019-09-25,,0.5652173913043478
2019-10-18,31,,5,5,2019-09-25,,0.43478260869565216
2019-10-25,18,,0,1,2019-10-18,,0.14285714285714285
2019-10-25,17,,0,4,2019-10-18,,0.5714285714285714
2019-10-25,13,,3,1,2019-10-18,lure,0.5714285714285714
2019-10-25,15,,1,1,2019-10-18,lure,0.2857142857142857
2019-10-25,14,,0,2,2019-10-18,lure,0.2857142857142857
2019-10-25,19,,1,4,2019-10-18,lure,0.7142857142857143
2019-10-25,16,lure,0,1,2019-10-18,,0.14285714285714285
2019-10-25,20,,2,1,2019-10-18,,0.42857142857142855
2019-10-25,25,,1,3,2019-09-25,,0.13333333333333333
2019-10-25,22,,2,0,2019-10-18,lure,0.2857142857142857
2019-10-25,23,,1,1,2019-10-18,lure,0.2857142857142857
2019-10-25,24,,2,5,2019-10-18,,1.0
2019-10-25,26,lure,1,0,2019-10-18,,0.14285714285714285
2019-10-25,27,,0,1,2019-10-18,,0.14285714285714285
2019-10-25,28,,0,1,2019-10-18,lure,0.14285714285714285
2019-10-25,29,lure,0,2,2019-10-18,,0.2857142857142857
2019-10-25,12,,1,3,2019-10-18,lure,0.5714285714285714
2019-10-25,21,,0,0,2019-10-18,lure,0.0
2019-10-25,30,,4,3,2019-10-18,lure,1.0
2019-10-25,11,,0,0,2019-10-18,lure,0.0
2019-10-25,9,,0,2,2019-10-18,,0.2857142857142857
2019-10-25,40,,1,4,2019-10-18,lure,0.7142857142857143
2019-10-25,39,,1,0,2019-10-18,,0.14285714285714285
2019-10-25,38,,3,2,2019-10-18,lure,0.7142857142857143
2019-10-25,37,lure,1,0,2019-10-18,,0.14285714285714285
2019-10-25,36,,0,1,2019-10-18,lure,0.14285714285714285
2019-10-25,35,,0,2,2019-10-18,lure,0.2857142857142857
2019-10-25,34,,3,2,2019-10-18,lure,0.7142857142857143
2019-10-25,33,lure,1,0,2019-10-18,,0.14285714285714285
2019-10-25,32,,1,0,2019-10-18,lure,0.14285714285714285
2019-10-25,10,,2,3,2019-10-18,lure,0.7142857142857143
2019-10-25,1,,3,2,2019-10-18,lure,0.7142857142857143
2019-10-25,2,,1,3,2019-10-18,lure,0.5714285714285714
2019-10-25,3,,0,1,2019-10-18,,0.14285714285714285
2019-10-25,4,lure,2,2,2019-10-18,,0.5714285714285714
2019-10-25,5,,1,3,2019-10-18,lure,0.5714285714285714
2019-10-25,6,,0,1,2019-10-18,lure,0.14285714285714285
2019-10-25,7,,2,1,2019-10-18,lure,0.42857142857142855
2019-10-25,8,lure,5,3,2019-10-18,,1.1428571428571428
2019-10-25,31,,4,6,2019-10-18,,1.4285714285714286
2019-10-30,18,lure,0,0,2019-10-25,,0.0
2019-10-30,17,,0,1,2019-10-25,,0.2
2019-10-30,16,,0,3,2019-10-25,lure,0.6
2019-10-30,12,,0,3,2019-10-25,,0.6
2019-10-30,14,,1,1,2019-10-25,,0.4
2019-10-30,13,,2,4,2019-10-25,,1.2
2019-10-30,19,,2,1,2019-10-25,,0.6
2019-10-30,15,,1,3,2019-10-25,,0.8
2019-10-30,20,lure,2,3,2019-10-25,,1.0
2019-10-30,24,lure,1,1,2019-10-25,,0.4
2019-10-30,22,,1,2,2019-10-25,,0.6
2019-10-30,23,,0,3,2019-10-25,,0.6
2019-10-30,25,W-1,1,4,2019-10-25,,1.0
2019-10-30,26,,1,1,2019-10-25,lure,0.4
2019-10-30,27,lure,0,1,2019-10-25,,0.2
2019-10-30,28,lure,0,2,2019-10-25,,0.4
2019-10-30,29,lure,1,2,2019-10-25,lure,0.6
2019-10-30,11,,0,0,2019-10-25,,0.0
2019-10-30,21,,1,0,2019-10-25,,0.2
2019-10-30,30,,0,2,2019-10-25,,0.4
2019-10-30,10,,1,1,2019-10-25,,0.4
2019-10-30,8,,1,1,2019-10-25,lure,0.4
2019-10-30,9,,0,0,2019-10-25,,0.0
2019-10-30,40,,1,1,2019-10-25,,0.4
2019-10-30,39,lure,0,0,2019-10-25,,0.0
2019-10-30,38,,1,0,2019-10-25,,0.2
2019-10-30,37,,1,2,2019-10-25,lure,0.6
2019-10-30,35,,1,0,2019-10-25,,0.2
2019-10-30,34,,0,2,2019-10-25,,0.4
2019-10-30,33,,0,1,2019-10-25,lure,0.2
2019-10-30,36,,0,0,2019-10-25,,0.0
2019-10-30,31,,2,3,2019-10-25,,1.0
2019-10-30,1,,3,1,2019-10-25,,0.8
2019-10-30,2,,2,2,2019-10-25,,0.8
2019-10-30,3,lure,0,0,2019-10-25,,0.0
2019-10-30,4,,2,3,2019-10-25,lure,1.0
2019-10-30,5,,0,0,2019-10-25,,0.0
2019-10-30,6,,0,1,2019-10-25,,0.2
2019-10-30,32,,0,0,2019-10-25,,0.0
2019-10-30,7,,1,2,2019-10-25,,0.6
2019-11-06,19,,1,2,2019-10-30,,0.42857142857142855
2019-11-06,18,,0,1,2019-10-30,lure,0.14285714285714285
2019-11-06,17,lure,0,2,2019-10-30,,0.2857142857142857
2019-11-06,13,,0,1,2019-10-30,,0.14285714285714285
2019-11-06,15,,1,1,2019-10-30,,0.2857142857142857
2019-11-06,14,,2,4,2019-10-30,,0.8571428571428571
2019-11-06,20,,0,3,2019-10-30,lure,0.42857142857142855
2019-11-06,16,,2,2,2019-10-30,,0.5714285714285714
2019-11-06,21,,1,1,2019-10-30,,0.2857142857142857
2019-11-06,30,,2,1,2019-10-30,,0.42857142857142855
2019-11-06,23,,2,5,2019-10-30,,1.0
2019-11-06,24,,0,0,2019-10-30,lure,0.0
2019-11-06,25,,1,1,2019-10-30,W-1,0.2857142857142857
2019-11-06,26,,0,3,2019-10-30,,0.42857142857142855
2019-11-06,27,,0,2,2019-10-30,lure,0.2857142857142857
2019-11-06,28,,1,2,2019-10-30,lure,0.42857142857142855
2019-11-06,29,,2,3,2019-10-30,lure,0.7142857142857143
2019-11-06,12,,3,1,2019-10-30,,0.5714285714285714
2019-11-06,22,,1,1,2019-10-30,,0.2857142857142857
2019-11-06,11,,1,1,2019-10-30,,0.2857142857142857
2019-11-06,7,,2,2,2019-10-30,,0.5714285714285714
2019-11-06,9,lure,0,0,2019-10-30,,0.0
2019-11-06,39,,0,2,2019-10-30,lure,0.2857142857142857
2019-11-06,38,,1,1,2019-10-30,,0.2857142857142857
2019-11-06,37,,0,2,2019-10-30,,0.2857142857142857
2019-11-06,36,,1,1,2019-10-30,,0.2857142857142857
2019-11-06,35,,2,1,2019-10-30,,0.42857142857142855
2019-11-06,34,,0,0,2019-10-30,,0.0
2019-11-06,33,,0,2,2019-10-30,,0.2857142857142857
2019-11-06,32,,0,1,2019-10-30,,0.14285714285714285
2019-11-06,40,,1,2,2019-10-30,,0.42857142857142855
2019-11-06,1,,2,1,2019-10-30,,0.42857142857142855
2019-11-06,2,,1,3,2019-10-30,,0.5714285714285714
2019-11-06,3,,1,4,2019-10-30,lure,0.7142857142857143
2019-11-06,4,,1,0,2019-10-30,,0.14285714285714285
2019-11-06,5,,1,2,2019-10-30,,0.42857142857142855
2019-11-06,6,,2,3,2019-10-30,,0.7142857142857143
2019-11-06,10,,1,0,2019-10-30,,0.14285714285714285
2019-11-06,8,,2,5,2019-10-30,,1.0
2019-11-06,31,,1,3,2019-10-30,,0.5714285714285714
2019-11-13,19,,1,2,2019-11-06,,0.42857142857142855
2019-11-13,18,,0,1,2019-11-06,,0.14285714285714285
2019-11-13,14,,1,2,2019-11-06,,0.42857142857142855
2019-11-13,16,,1,2,2019-11-06,,0.42857142857142855
2019-11-13,15,,0,2,2019-11-06,,0.2857142857142857
2019-11-13,20,,0,1,2019-11-06,,0.14285714285714285
2019-11-13,17,,1,1,2019-11-06,lure,0.2857142857142857
2019-11-13,21,,2,1,2019-11-06,,0.42857142857142855
2019-11-13,26,,1,1,2019-11-06,,0.2857142857142857
2019-11-13,23,,1,4,2019-11-06,,0.7142857142857143
2019-11-13,24,,2,3,2019-11-06,,0.7142857142857143
2019-11-13,25,,2,1,2019-11-06,,0.42857142857142855
2019-11-13,27,,0,1,2019-11-06,,0.14285714285714285
2019-11-13,28,,0,1,2019-11-06,,0.14285714285714285
2019-11-13,29,,0,3,2019-11-06,,0.42857142857142855
2019-11-13,30,,0,0,2019-11-06,,0.0
2019-11-13,13,,1,1,2019-11-06,,0.2857142857142857
2019-11-13,22,,0,0,2019-11-06,,0.0
2019-11-13,12,,1,2,2019-11-06,,0.42857142857142855
2019-11-13,11,,2,1,2019-11-06,,0.42857142857142855
2019-11-13,40,,1,2,2019-11-06,,0.42857142857142855
2019-11-13,10,,0,2,2019-11-06,,0.2857142857142857
2019-11-13,39,,0,1,2019-11-06,,0.14285714285714285
2019-11-13,38,,2,2,2019-11-06,,0.5714285714285714
2019-11-13,37,,1,0,2019-11-06,,0.14285714285714285
2019-11-13,36,,0,3,2019-11-06,,0.42857142857142855
2019-11-13,34,,2,4,2019-11-06,,0.8571428571428571
2019-11-13,33,,0,3,2019-11-06,,0.42857142857142855
2019-11-13,32,,0,2,2019-11-06,,0.2857142857142857
2019-11-13,31,,1,0,2019-11-06,,0.14285714285714285
2019-11-13,35,,0,1,2019-11-06,,0.14285714285714285
2019-11-13,2,,2,5,2019-11-06,,1.0
2019-11-13,1,,1,1,2019-11-06,,0.2857142857142857
2019-11-13,7,,2,2,2019-11-06,,0.5714285714285714
2019-11-13,7,,0,0,2019-11-06,,0.0
2019-11-13,6,,2,1,2019-11-06,,0.42857142857142855
2019-11-13,9,,1,2,2019-11-06,lure,0.42857142857142855
2019-11-13,4,,1,3,2019-11-06,,0.5714285714285714
2019-11-13,3,,2,4,2019-11-06,,0.8571428571428571
2019-11-13,5,lure,0,1,2019-11-06,,0.14285714285714285
2019-11-22,20,,2,4,2019-11-13,,0.6666666666666666
2019-11-22,13,,1,2,2019-11-13,,0.3333333333333333
2019-11-22,14,,2,3,2019-11-13,,0.5555555555555556
2019-11-22,15,,3,5,2019-11-13,,0.8888888888888888
2019-11-22,16,,2,3,2019-11-13,,0.5555555555555556
2019-11-22,17,,0,3,2019-11-13,,0.3333333333333333
2019-11-22,18,,1,1,2019-11-13,,0.2222222222222222
2019-11-22,19,,1,5,2019-11-13,,0.6666666666666666
2019-11-22,21,,3,3,2019-11-13,,0.6666666666666666
2019-11-22,12,,2,4,2019-11-13,,0.6666666666666666
2019-11-22,23,lure,2,3,2019-11-13,,0.5555555555555556
2019-11-22,24,lure,4,8,2019-11-13,,1.3333333333333333
2019-11-22,25,lure,3,4,2019-11-13,,0.7777777777777778
2019-11-22,26,,3,3,2019-11-13,,0.6666666666666666
2019-11-22,27,,1,1,2019-11-13,,0.2222222222222222
2019-11-22,28,,3,2,2019-11-13,,0.5555555555555556
2019-11-22,29,,0,3,2019-11-13,,0.3333333333333333
2019-11-22,30,,1,4,2019-11-13,,0.5555555555555556
2019-11-22,22,,2,3,2019-11-13,,0.5555555555555556
2019-11-22,11,,2,2,2019-11-13,,0.4444444444444444
2019-11-22,10,lure,2,2,2019-11-13,,0.4444444444444444
2019-11-22,9,,1,3,2019-11-13,,0.4444444444444444
2019-11-22,39,,3,7,2019-11-13,,1.1111111111111112
2019-11-22,38,lure,4,4,2019-11-13,,0.8888888888888888
2019-11-22,37,,4,4,2019-11-13,,0.8888888888888888
2019-11-22,36,lure,0,3,2019-11-13,,0.3333333333333333
2019-11-22,35,,3,5,2019-11-13,,0.8888888888888888
2019-11-22,34,,3,6,2019-11-13,,1.0
2019-11-22,33,,2,3,2019-11-13,,0.5555555555555556
2019-11-22,32,,0,5,2019-11-13,,0.5555555555555556
2019-11-22,40,,2,6,2019-11-13,,0.8888888888888888
2019-11-22,1,,4,4,2019-11-13,,0.8888888888888888
2019-11-22,2,,4,3,2019-11-13,,0.7777777777777778
2019-11-22,3,,0,4,2019-11-13,,0.4444444444444444
2019-11-22,4,,3,6,2019-11-13,,1.0
2019-11-22,5,,2,4,2019-11-13,lure,0.6666666666666666
2019-11-22,6,,3,4,2019-11-13,,0.7777777777777778
2019-11-22,7,,2,4,2019-11-13,,0.6666666666666666
2019-11-22,8,,4,6,2019-11-06,,0.625
2019-11-22,31,,2,4,2019-11-13,,0.6666666666666666
2019-11-29,19,,6,5,2019-11-22,,1.5714285714285714
2019-11-29,17,,4,5,2019-11-22,,1.2857142857142858
2019-11-29,13,,0,0,2019-11-22,,0.0
2019-11-29,15,down trap needs repair,0,0,2019-11-22,,0.0
2019-11-29,14,,2,2,2019-11-22,,0.5714285714285714
2019-11-29,20,lure,2,3,2019-11-22,,0.7142857142857143
2019-11-29,16,,1,2,2019-11-22,,0.42857142857142855
2019-11-29,21,,0,5,2019-11-22,,0.7142857142857143
2019-11-29,26,,3,3,2019-11-22,,0.8571428571428571
2019-11-29,23,,2,2,2019-11-22,lure,0.5714285714285714
2019-11-29,24,,1,2,2019-11-22,lure,0.42857142857142855
2019-11-29,25,,4,5,2019-11-22,lure,1.2857142857142858
2019-11-29,27,,0,2,2019-11-22,,0.2857142857142857
2019-11-29,28,,1,3,2019-11-22,,0.5714285714285714
2019-11-29,29,,1,3,2019-11-22,,0.5714285714285714
2019-11-29,30,,3,4,2019-11-22,,1.0
2019-11-29,12,,2,3,2019-11-22,,0.7142857142857143
2019-11-29,22,,1,0,2019-11-22,,0.14285714285714285
2019-11-29,11,,0,0,2019-11-22,,0.0
2019-11-29,10,,3,2,2019-11-22,lure,0.7142857142857143
2019-11-29,9,,3,4,2019-11-22,,1.0
2019-11-29,39,,0,4,2019-11-22,,0.5714285714285714
2019-11-29,38,,1,3,2019-11-22,lure,0.5714285714285714
2019-11-29,37,,2,3,2019-11-22,,0.7142857142857143
2019-11-29,36,,3,3,2019-11-22,lure,0.8571428571428571
2019-11-29,35,lure,0,1,2019-11-22,,0.14285714285714285
2019-11-29,34,,0,3,2019-11-22,,0.42857142857142855
2019-11-29,33,,0,1,2019-11-22,,0.14285714285714285
2019-11-29,32,,1,1,2019-11-22,,0.2857142857142857
2019-11-29,40,lure,3,1,2019-11-22,,0.5714285714285714
2019-11-29,1,,0,0,2019-11-22,,0.0
2019-11-29,2,fallen trap,0,0,2019-11-22,,0.0
2019-11-29,3,down trap,0,1,2019-11-22,,0.14285714285714285
2019-11-29,4,,2,6,2019-11-22,,1.1428571428571428
2019-11-29,5,down trap,0,0,2019-11-22,,0.0
2019-11-29,6,,1,3,2019-11-22,,0.5714285714285714
2019-11-29,7,,0,2,2019-11-22,,0.2857142857142857
2019-11-29,8,,4,7,2019-11-22,,1.5714285714285714
2019-11-29,31,,4,4,2019-11-22,,1.1428571428571428
2019-12-04,19,,1,1,2019-11-29,,0.4
2019-12-04,18,,3,2,2019-11-22,,0.4166666666666667
2019-12-04,13,,1,3,2019-11-29,,0.8
2019-12-04,16,,1,3,2019-11-29,,0.8
2019-12-04,14,,1,4,2019-11-29,,1.0
2019-12-04,20,,1,4,2019-11-29,lure,1.0
2019-12-04,17,,1,3,2019-11-29,,0.8
2019-12-04,21,,0,0,2019-11-29,,0.0
2019-12-04,26,,0,0,2019-11-29,,0.0
2019-12-04,23,,1,2,2019-11-29,,0.6
2019-12-04,24,,3,2,2019-11-29,,1.0
2019-12-04,25,,3,5,2019-11-29,,1.6
2019-12-04,27,,0,0,2019-11-29,,0.0
2019-12-04,28,,0,1,2019-11-29,,0.2
2019-12-04,29,,0,3,2019-11-29,,0.6
2019-12-04,30,,4,3,2019-11-29,,1.4
2019-12-04,12,,3,2,2019-11-29,,1.0
2019-12-04,22,,1,3,2019-11-29,,0.8
2019-12-04,11,,0,0,2019-11-29,,0.0
2019-12-04,15,,0,0,2019-11-29,down trap needs repair,0.0
2019-12-04,9,,4,1,2019-11-29,,1.0
2019-12-04,40,,5,3,2019-11-29,lure,1.6
2019-12-04,39,,2,2,2019-11-29,,0.8
2019-12-04,38,,2,3,2019-11-29,,1.0
2019-12-04,37,,1,1,2019-11-29,,0.4
2019-12-04,36,,3,3,2019-11-29,,1.2
2019-12-04,34,,2,2,2019-11-29,,0.8
2019-12-04,33,,2,2,2019-11-29,,0.8
2019-12-04,32,,1,1,2019-11-29,,0.4
2019-12-04,35,,1,4,2019-11-29,lure,1.0
2019-12-04,1,,4,5,2019-11-29,,1.8
2019-12-04,31,,4,4,2019-11-29,,1.6
2019-12-04,7,,4,0,2019-11-29,,0.8
2019-12-04,10,,0,0,2019-11-29,,0.0
2019-12-04,6,,2,0,2019-11-29,,0.4
2019-12-04,8,,2,5,2019-11-29,,1.4
2019-12-04,4,,0,2,2019-11-29,,0.4
2019-12-04,2,,1,3,2019-11-29,fallen trap,0.8
2019-12-04,5,,0,4,2019-11-29,down trap,0.8
2019-12-13,20,,3,3,2019-12-04,,0.6666666666666666
2019-12-13,13,,1,4,2019-12-04,,0.5555555555555556
2019-12-13,14,,3,3,2019-12-04,,0.6666666666666666
2019-12-13,15,"lure missing, replaced",0,0,2019-12-04,,0.0
2019-12-13,16,,3,3,2019-12-04,,0.6666666666666666
2019-12-13,17,,1,6,2019-12-04,,0.7777777777777778
2019-12-13,18,,2,4,2019-12-04,,0.6666666666666666
2019-12-13,19,,2,3,2019-12-04,,0.5555555555555556
2019-12-13,21,,1,3,2019-12-04,,0.4444444444444444
2019-12-13,30,,3,2,2019-12-04,,0.5555555555555556
2019-12-13,23,,1,3,2019-12-04,,0.4444444444444444
2019-12-13,24,,3,5,2019-12-04,,0.8888888888888888
2019-12-13,25,,0,3,2019-12-04,,0.3333333333333333
2019-12-13,26,,0,4,2019-12-04,,0.4444444444444444
2019-12-13,27,,0,1,2019-12-04,,0.1111111111111111
2019-12-13,28,,1,2,2019-12-04,,0.3333333333333333
2019-12-13,29,,4,11,2019-12-04,,1.6666666666666667
2019-12-13,12,,2,4,2019-12-04,,0.6666666666666666
2019-12-13,22,,2,2,2019-12-04,,0.4444444444444444
2019-12-13,11,,3,4,2019-12-04,,0.7777777777777778
2019-12-13,10,,2,2,2019-12-04,,0.4444444444444444
2019-12-13,9,lure,0,0,2019-12-04,,0.0
2019-12-13,39,,1,2,2019-12-04,,0.3333333333333333
2019-12-13,38,,2,4,2019-12-04,,0.6666666666666666
2019-12-13,37,,2,2,2019-12-04,,0.4444444444444444
2019-12-13,36,,2,4,2019-12-04,,0.6666666666666666
2019-12-13,35,,3,9,2019-12-04,,1.3333333333333333
2019-12-13,34,lure,0,2,2019-12-04,,0.2222222222222222
2019-12-13,34,,3,3,2019-12-04,,0.6666666666666666
2019-12-13,32,lure,2,1,2019-12-04,,0.3333333333333333
2019-12-13,40,,0,4,2019-12-04,,0.4444444444444444
2019-12-13,1,,2,4,2019-12-04,,0.6666666666666666
2019-12-13,2,lure,2,6,2019-12-04,,0.8888888888888888
2019-12-13,3,,4,5,2019-11-29,down trap,0.6428571428571429
2019-12-13,4,lure,2,6,2019-12-04,,0.8888888888888888
2019-12-13,5,,2,7,2019-12-04,,1.0
2019-12-13,6,lure,3,5,2019-12-04,,0.8888888888888888
2019-12-13,7,lure,2,2,2019-12-04,,0.4444444444444444
2019-12-13,8,,3,5,2019-12-04,,0.8888888888888888
2019-12-13,31,,4,6,2019-12-04,,1.1111111111111112
2019-12-18,18,,1,0,2019-12-13,,0.2
2019-12-18,17,,0,3,2019-12-13,,0.6
2019-12-18,13,,1,3,2019-12-13,,0.8
2019-12-18,15,,1,5,2019-12-13,"lure missing, replaced",1.2
2019-12-18,30,lure,1,0,2019-12-13,,0.2
2019-12-18,19,lure,0,2,2019-12-13,,0.4
2019-12-18,16,lure,1,3,2019-12-13,,0.8
2019-12-18,20,,2,6,2019-12-13,,1.6
2019-12-18,25,,1,1,2019-12-13,,0.4
2019-12-18,22,,1,5,2019-12-13,,1.2
2019-12-18,23,,1,5,2019-12-13,,1.2
2019-12-18,24,,1,6,2019-12-13,,1.4
2019-12-18,26,lure,0,1,2019-12-13,,0.2
2019-12-18,27,,1,1,2019-12-13,,0.4
2019-12-18,28,,1,2,2019-12-13,,0.6
2019-12-18,29,,3,3,2019-12-13,,1.2
2019-12-18,12,lure,0,2,2019-12-13,,0.4
2019-12-18,21,lure,0,0,2019-12-13,,0.0
2019-12-18,11,lure,0,4,2019-12-13,,0.8
2019-12-18,14,lure,1,2,2019-12-13,,0.6
2019-12-18,9,lure,0,1,2019-12-13,lure,0.2
2019-12-18,10,,1,1,2019-12-13,,0.4
2019-12-18,40,swapped for trap w1,2,2,2019-12-13,,0.8
2019-12-18,39,lure,1,3,2019-12-13,,0.8
2019-12-18,37,,1,3,2019-12-13,,0.8
2019-12-18,37,037 to W2,1,2,2019-12-13,,0.6
2019-12-18,36,036 to W3,0,0,2019-12-13,,0.0
2019-12-18,35,035 to W4,1,4,2019-12-13,,1.0
2019-12-18,34,,3,4,2019-12-13,,1.4
2019-12-18,32,032 to W5,1,0,2019-12-13,lure,0.2
2019-12-18,33,,0,0,2019-12-04,,0.0
2019-12-18,1,lure,1,3,2019-12-13,,0.8
2019-12-18,2,,0,4,2019-12-13,lure,0.8
2019-12-18,3,,2,1,2019-12-13,,0.6
2019-12-18,4,,3,4,2019-12-13,lure,1.4
2019-12-18,5,,4,4,2019-12-13,,1.6
2019-12-18,6,,1,3,2019-12-13,lure,0.8
2019-12-18,7,,0,2,2019-12-13,lure,0.4
2019-12-18,8,,3,9,2019-12-13,,2.4
2019-12-18,31,,1,1,2019-12-13,,0.4
2019-12-26,35,W-4,0,1,2019-12-18,035 to W4,0.125
2019-12-26,34,indole,0,7,2019-12-18,,0.875
2019-12-26,36,W-3,0,1,2019-12-18,036 to W3,0.125
2019-12-26,37,W-2 trap,0,1,2019-12-18,037 to W2,0.125
2019-12-26,38,,2,6,2019-12-13,,0.6153846153846154
2019-12-26,39,,2,5,2019-12-18,lure,0.875
2019-12-26,40,,0,1,2019-12-18,swapped for trap w1,0.125
2020-01-09,13,,2,0,2019-12-18,,0.09090909090909091
2020-01-09,14,,0,0,2019-12-18,lure,0.0
2020-01-09,30,,0,1,2019-12-18,lure,0.045454545454545456
2020-01-09,15,,0,2,2019-12-18,,0.09090909090909091
2020-01-09,16,,1,2,2019-12-18,lure,0.13636363636363635
2020-01-09,17,,3,0,2019-12-18,,0.13636363636363635
2020-01-09,18,,0,1,2019-12-18,,0.045454545454545456
2020-01-09,19,,1,3,2019-12-18,lure,0.18181818181818182
2020-01-09,20,Change lure,0,2,2019-12-18,,0.09090909090909091
2020-01-09,21,,1,1,2019-12-18,lure,0.09090909090909091
2020-01-09,22,,0,0,2019-12-18,,0.0
2020-01-09,23,,2,2,2019-12-18,,0.18181818181818182
2020-01-09,24,Change lure,1,0,2019-12-18,,0.045454545454545456
2020-01-09,25,,1,0,2019-12-18,,0.045454545454545456
2020-01-09,26,,0,3,2019-12-18,lure,0.13636363636363635
2020-01-09,27,,2,3,2019-12-18,,0.22727272727272727
2020-01-09,28,,0,0,2019-12-18,,0.0
2020-01-09,29,,2,2,2019-12-18,,0.18181818181818182
2020-01-09,12,,3,1,2019-12-18,lure,0.18181818181818182
2020-01-09,11,,0,0,2019-12-18,lure,0.0
2020-01-09,6,,0,1,2019-12-18,,0.045454545454545456
2020-01-09,9,,4,4,2019-12-18,lure,0.36363636363636365
2020-01-09,10,,0,2,2019-12-18,,0.09090909090909091
2020-01-09,40,,0,3,2019-12-26,,0.21428571428571427
2020-01-09,39,,3,1,2019-12-26,,0.2857142857142857
2020-01-09,38,,4,4,2019-12-26,,0.5714285714285714
2020-01-09,37,Change lure,1,0,2019-12-26,W-2 trap,0.07142857142857142
2020-01-09,35,,0,1,2019-12-26,W-4,0.07142857142857142
2020-01-09,34,,1,1,2019-12-26,indole,0.14285714285714285
2020-01-09,33,,2,2,2019-12-18,,0.18181818181818182
2020-01-09,36,,1,0,2019-12-26,W-3,0.07142857142857142
2020-01-09,31,,1,1,2019-12-18,,0.09090909090909091
2020-01-09,32,,0,1,2019-12-18,032 to W5,0.045454545454545456
2020-01-09,7,,2,2,2019-12-18,,0.18181818181818182
2020-01-09,5,,1,5,2019-12-18,,0.2727272727272727
2020-01-09,4,Change lure,1,4,2019-12-18,,0.22727272727272727
2020-01-09,8,,6,6,2019-12-18,,0.5454545454545454
2020-01-09,2,,4,2,2019-12-18,,0.2727272727272727
2020-01-09,1,,1,2,2019-12-18,lure,0.13636363636363635
2020-01-09,3,,1,1,2019-12-18,,0.09090909090909091
2020-01-15,19,,1,2,2020-01-09,,0.5
2020-01-15,13,,0,2,2020-01-09,,0.3333333333333333
2020-01-15,14,,1,0,2020-01-09,,0.16666666666666666
2020-01-15,15,,1,0,2020-01-09,,0.16666666666666666
2020-01-15,16,,2,2,2020-01-09,,0.6666666666666666
2020-01-15,17,,0,1,2020-01-09,,0.16666666666666666
2020-01-15,18,,1,3,2020-01-09,,0.6666666666666666
2020-01-15,20,,2,1,2020-01-09,Change lure,0.5
2020-01-15,12,,0,1,2020-01-09,,0.16666666666666666
2020-01-15,22,,2,0,2020-01-09,,0.3333333333333333
2020-01-15,23,,2,2,2020-01-09,,0.6666666666666666
2020-01-15,30,,3,2,2020-01-09,,0.8333333333333334
2020-01-15,24,,2,0,2020-01-09,Change lure,0.3333333333333333
2020-01-15,25,,1,4,2020-01-09,,0.8333333333333334
2020-01-15,26,,0,0,2020-01-09,,0.0
2020-01-15,28,,0,0,2020-01-09,,0.0
2020-01-15,29,,0,0,2020-01-09,,0.0
2020-01-15,21,,1,2,2020-01-09,,0.5
2020-01-15,11,,0,0,2020-01-09,,0.0
2020-01-15,35,,4,3,2020-01-09,,1.1666666666666667
2020-01-15,9,,1,0,2020-01-09,,0.16666666666666666
2020-01-15,40,,1,3,2020-01-09,,0.6666666666666666
2020-01-15,39,,1,2,2020-01-09,,0.5
2020-01-15,38,,2,0,2020-01-09,,0.3333333333333333
2020-01-15,37,,0,1,2020-01-09,Change lure,0.16666666666666666
2020-01-15,36,,32,1,2020-01-09,,5.5
2020-01-15,34,,2,2,2020-01-09,,0.6666666666666666
2020-01-15,33,,0,1,2020-01-09,,0.16666666666666666
2020-01-15,32,,0,1,2020-01-09,,0.16666666666666666
2020-01-15,10,,0,0,2020-01-09,,0.0
2020-01-15,1,,1,1,2020-01-09,,0.3333333333333333
2020-01-15,2,,2,3,2020-01-09,,0.8333333333333334
2020-01-15,3,,1,2,2020-01-09,,0.5
2020-01-15,4,,0,0,2020-01-09,Change lure,0.0
2020-01-15,5,,1,3,2020-01-09,,0.6666666666666666
2020-01-15,6,,0,5,2020-01-09,,0.8333333333333334
2020-01-15,7,,1,0,2020-01-09,,0.16666666666666666
2020-01-15,8,,2,4,2020-01-09,,1.0
2020-01-15,31,,0,1,2020-01-09,,0.16666666666666666
2020-01-30,9,Regular Lure,0,3,2020-01-15,,0.2
2020-01-30,10,Regular Lure,0,0,2020-01-15,,0.0
2020-01-30,15,Indole Lure,0,0,2020-01-15,,0.0
2020-01-30,13,Regular Lure,2,7,2020-01-15,,0.6
2020-01-30,14,Regular Lure,0,3,2020-01-15,,0.2
2020-01-30,20,Regular Lure,4,2,2020-01-15,,0.4
2020-01-30,12,Indole Lure,0,0,2020-01-15,,0.0
2020-01-30,21,Regular Lure,4,1,2020-01-15,,0.3333333333333333
2020-01-30,26,Regular Lure,1,1,2020-01-15,,0.13333333333333333
2020-01-30,23,Regular Lure,0,1,2020-01-15,,0.06666666666666667
2020-01-30,24,Indole Lure,0,0,2020-01-15,,0.0
2020-01-30,25,Regular Lure,6,4,2020-01-15,,0.6666666666666666
2020-01-30,27,Indole Lure,0,0,2020-01-09,,0.0
2020-01-30,28,Regular Lure,3,2,2020-01-15,,0.3333333333333333
2020-01-30,29,Indole Lure,0,0,2020-01-15,,0.0
2020-01-30,30,Indole Lure,0,0,2020-01-15,,0.0
2020-01-30,16,Indole Lure,0,0,2020-01-15,,0.0
2020-01-30,22,Indole Lure,0,0,2020-01-15,,0.0
2020-01-30,17,Indole Lure,0,0,2020-01-15,,0.0
2020-01-30,18,Indole,0,0,2020-01-15,,0.0
2020-01-30,19,Indole Lure,0,0,2020-01-15,,0.0
2020-01-30,40,Regular Lure,4,2,2020-01-15,,0.4
2020-01-30,39,Indole Lure,1,0,2020-01-15,,0.06666666666666667
2020-01-30,38,Indole Lure,1,0,2020-01-15,,0.06666666666666667
2020-01-30,37,Indole Lure,0,0,2020-01-15,,0.0
2020-01-30,36,Indole Lure,0,0,2020-01-15,,0.0
2020-01-30,35,Indole Lure,0,0,2020-01-15,,0.0
2020-01-30,34,Regular Lure,6,5,2020-01-15,,0.7333333333333333
2020-01-30,33,Regular Lure,1,1,2020-01-15,,0.13333333333333333
2020-01-30,2,Regular Lure,5,4,2020-01-15,,0.6
2020-01-30,31,Regular Lure,2,5,2020-01-15,,0.4666666666666667
2020-01-30,1,Indole Lure,0,0,2020-01-15,,0.0
2020-01-30,4,Regular Lure,11,6,2020-01-15,,1.1333333333333333
2020-01-30,5,Indole Lure,0,0,2020-01-15,,0.0
2020-01-30,6,Regular Lure,2,6,2020-01-15,,0.5333333333333333
2020-01-30,7,Indole Lure,0,0,2020-01-15,,0.0
2020-01-30,8,Regular Lure,1,2,2020-01-15,,0.2
2020-01-30,3,Indole Lure,1,0,2020-01-15,,0.06666666666666667
2020-01-30,32,Regular Lure,4,0,2020-01-15,,0.26666666666666666
2020-02-07,29,Squalene Lure,0,0,2020-01-30,Indole Lure,0.0
2020-02-07,28,Squalene Lure,0,0,2020-01-30,Regular Lure,0.0
2020-02-07,24,Regular Lure,0,1,2020-01-30,Indole Lure,0.125
2020-02-07,26,Regular Lure,0,0,2020-01-30,Regular Lure,0.0
2020-02-07,25,Regular Lure,0,0,2020-01-30,Regular Lure,0.0
2020-02-07,30,Squalene Lure,0,0,2020-01-30,Indole Lure,0.0
2020-02-07,27,Regular Lure,1,1,2020-01-30,Indole Lure,0.25
2020-02-07,31,Regular Lure,1,1,2020-01-30,Regular Lure,0.25
2020-02-07,36,Squalene Lure,0,0,2020-01-30,Indole Lure,0.0
2020-02-07,33,Regular Lure,1,2,2020-01-30,Regular Lure,0.375
2020-02-07,34,Regular Lure,2,1,2020-01-30,Regular Lure,0.375
2020-02-07,35,Squalene Lure,1,0,2020-01-30,Indole Lure,0.125
2020-02-07,37,Squalene Lure,0,0,2020-01-30,Indole Lure,0.0
2020-02-07,38,Squalene Lure,0,0,2020-01-30,Indole Lure,0.0
2020-02-07,39,Squalene Lure,0,0,2020-01-30,Indole Lure,0.0
2020-02-07,40,Regular Lure,1,0,2020-01-30,Regular Lure,0.125
2020-02-07,23,Regular Lure,0,1,2020-01-30,Regular Lure,0.125
2020-02-07,32,Regular Lure,1,0,2020-01-30,Regular Lure,0.125
2020-02-07,21,Regular Lure,0,0,2020-01-30,Regular Lure,0.0
2020-02-07,22,Squalene Lure,0,0,2020-01-30,Indole Lure,0.0
2020-02-07,20,Regular Lure,2,1,2020-01-30,Regular Lure,0.375
2020-02-07,1,Squalene Lure,0,0,2020-01-30,Indole Lure,0.0
2020-02-07,2,Regular Lure,3,0,2020-01-30,Regular Lure,0.375
2020-02-07,3,Squalene Lure,0,0,2020-01-30,Indole Lure,0.0
2020-02-07,4,Regular Lure,3,0,2020-01-30,Regular Lure,0.375
2020-02-07,5,Squalene Lure,0,0,2020-01-30,Indole Lure,0.0
2020-02-07,7,Squalene Lure,0,0,2020-01-30,Indole Lure,0.0
2020-02-07,8,Regular Lure,0,0,2020-01-30,Regular Lure,0.0
2020-02-07,10,Regular Lure,0,0,2020-01-30,Regular Lure,0.0
2020-02-07,6,Squalene Lure,0,0,2020-01-30,Regular Lure,0.0
2020-02-07,12,Squalene Lure,0,0,2020-01-30,Indole Lure,0.0
2020-02-07,11,Regular Lure,1,0,2020-01-15,,0.043478260869565216
2020-02-07,18,Squalene Lure,0,0,2020-01-30,Indole,0.0
2020-02-07,17,Squalene Lure,0,0,2020-01-30,Indole Lure,0.0
2020-02-07,16,Squalene Lure,0,0,2020-01-30,Indole Lure,0.0
2020-02-07,19,Squalene Lure,0,0,2020-01-30,Indole Lure,0.0
2020-02-07,14,Regular Lure,0,0,2020-01-30,Regular Lure,0.0
2020-02-07,13,Regular Lure,2,1,2020-01-30,Regular Lure,0.375
2020-02-07,15,Squalene Lure,0,0,2020-01-30,Indole Lure,0.0
2020-02-14,29,Chemtica Lure,0,2,2020-02-07,Squalene Lure,0.2857142857142857
2020-02-14,23,Chemtica Lure,0,2,2020-02-07,Regular Lure,0.2857142857142857
2020-02-14,25,Chemtica Lure,0,0,2020-02-07,Regular Lure,0.0
2020-02-14,24,Chemtica Lure,3,2,2020-02-07,Regular Lure,0.7142857142857143
2020-02-14,25,Chemtica Lure,0,0,2020-02-07,Regular Lure,0.0
2020-02-14,26,Chemtica Lure,0,0,2020-02-07,Regular Lure,0.0
2020-02-14,27,Chemtica Lure,0,0,2020-02-07,Regular Lure,0.0
2020-02-14,28,Chemtica Lure,0,1,2020-02-07,Squalene Lure,0.14285714285714285
2020-02-14,30,Chemtica Lure,3,1,2020-02-07,Squalene Lure,0.5714285714285714
2020-02-14,21,Chemtica Lure,2,2,2020-02-07,Regular Lure,0.5714285714285714
2020-02-14,32,Chemtica Lure,1,3,2020-02-07,Regular Lure,0.5714285714285714
2020-02-14,33,Chemtica Lure,1,1,2020-02-07,Regular Lure,0.2857142857142857
2020-02-14,34,Chemtica Lure,1,4,2020-02-07,Regular Lure,0.7142857142857143
2020-02-14,35,Chemtica Lure,1,2,2020-02-07,Squalene Lure,0.42857142857142855
2020-02-14,36,Chemtica Lure,1,2,2020-02-07,Squalene Lure,0.42857142857142855
2020-02-14,37,Chemtica Lure,1,1,2020-02-07,Squalene Lure,0.2857142857142857
2020-02-14,38,Chemtica Lure,0,2,2020-02-07,Squalene Lure,0.2857142857142857
2020-02-14,39,Chemtica Lure,1,0,2020-02-07,Squalene Lure,0.14285714285714285
2020-02-14,22,Chemtica Lure,3,1,2020-02-07,Squalene Lure,0.5714285714285714
2020-02-14,31,Chemtica Lure,0,4,2020-02-07,Regular Lure,0.5714285714285714
2020-02-14,40,Chemtica Lure,1,2,2020-02-07,Regular Lure,0.42857142857142855
2020-02-14,15,Chemtica Lure,0,0,2020-02-07,Squalene Lure,0.0
2020-02-14,19,Chemtica Lure,0,0,2020-02-07,Squalene Lure,0.0
2020-02-14,1,Chemtica Lure,4,5,2020-02-07,Squalene Lure,1.2857142857142858
2020-02-14,2,Chemtica Lure,1,1,2020-02-07,Regular Lure,0.2857142857142857
2020-02-14,3,Chemtica Lure,1,4,2020-02-07,Squalene Lure,0.7142857142857143
2020-02-14,4,Chemtica Lure,1,5,2020-02-07,Regular Lure,0.8571428571428571
2020-02-14,5,Chemtica Lure,1,4,2020-02-07,Squalene Lure,0.7142857142857143
2020-02-14,20,Chemtica Lure,1,0,2020-02-07,Regular Lure,0.14285714285714285
2020-02-14,7,Chemtica Lure,1,0,2020-02-07,Squalene Lure,0.14285714285714285
2020-02-14,8,Chemtica Lure,3,1,2020-02-07,Regular Lure,0.5714285714285714
2020-02-14,9,Chemtica Lure,0,0,2020-01-30,Regular Lure,0.0
2020-02-14,6,Chemtica Lure,1,3,2020-02-07,Squalene Lure,0.5714285714285714
2020-02-14,11,Chemtica Lure,0,0,2020-02-07,Regular Lure,0.0
2020-02-14,12,Chemtica Lure,1,0,2020-02-07,Squalene Lure,0.14285714285714285
2020-02-14,13,Chemtica Lure,1,3,2020-02-07,Regular Lure,0.5714285714285714
2020-02-14,14,Chemtica Lure,0,0,2020-02-07,Regular Lure,0.0
2020-02-14,16,Chemtica Lure,1,1,2020-02-07,Squalene Lure,0.2857142857142857
2020-02-14,17,Chemtica Lure,0,1,2020-02-07,Squalene Lure,0.14285714285714285
2020-02-14,18,Chemtica Lure,2,3,2020-02-07,Squalene Lure,0.7142857142857143
2020-02-14,10,Chemtica Lure,2,3,2020-02-07,Regular Lure,0.7142857142857143
2020-02-21,30,Chemtica Lure,1,4,2020-02-14,Chemtica Lure,0.7142857142857143
2020-02-21,24,Chemtica Lure,2,0,2020-02-14,Chemtica Lure,0.2857142857142857
2020-02-21,25,Chemtica Lure,0,0,2020-02-14,Chemtica Lure,0.0
2020-02-21,26,Chemtica Lure,1,2,2020-02-14,Chemtica Lure,0.42857142857142855
2020-02-21,27,Chemtica Lure,1,2,2020-02-14,Chemtica Lure,0.42857142857142855
2020-02-21,28,Chemtica Lure,0,3,2020-02-14,Chemtica Lure,0.42857142857142855
2020-02-21,29,Chemtica Lure,0,5,2020-02-14,Chemtica Lure,0.7142857142857143
2020-02-21,40,Chemtica Lure,0,1,2020-02-14,Chemtica Lure,0.14285714285714285
2020-02-21,23,Chemtica Lure,1,1,2020-02-14,Chemtica Lure,0.2857142857142857
2020-02-21,32,Chemtica Lure,0,2,2020-02-14,Chemtica Lure,0.2857142857142857
2020-02-21,33,Chemtica Lure,1,2,2020-02-14,Chemtica Lure,0.42857142857142855
2020-02-21,34,Chemtica Lure,1,1,2020-02-14,Chemtica Lure,0.2857142857142857
2020-02-21,35,Chemtica Lure,1,3,2020-02-14,Chemtica Lure,0.5714285714285714
2020-02-21,36,Chemtica Lure,0,1,2020-02-14,Chemtica Lure,0.14285714285714285
2020-02-21,37,Chemtica Lure,0,2,2020-02-14,Chemtica Lure,0.2857142857142857
2020-02-21,38,Chemtica Lure,0,1,2020-02-14,Chemtica Lure,0.14285714285714285
2020-02-21,39,Chemtica Lure,1,0,2020-02-14,Chemtica Lure,0.14285714285714285
2020-02-21,31,Chemtica Lure,0,2,2020-02-14,Chemtica Lure,0.2857142857142857
2020-02-21,22,Chemtica Lure,0,3,2020-02-14,Chemtica Lure,0.42857142857142855
2020-02-21,10,Chemtica Lure,1,0,2020-02-14,Chemtica Lure,0.14285714285714285
2020-02-21,20,Chemtica Lure,0,2,2020-02-14,Chemtica Lure,0.2857142857142857
2020-02-21,1,Chemtica Lure,2,4,2020-02-14,Chemtica Lure,0.8571428571428571
2020-02-21,2,Chemtica Lure,5,3,2020-02-14,Chemtica Lure,1.1428571428571428
2020-02-21,3,Chemtica Lure,3,4,2020-02-14,Chemtica Lure,1.0
2020-02-21,4,Chemtica Lure,0,0,2020-02-14,Chemtica Lure,0.0
2020-02-21,5,Chemtica Lure,0,1,2020-02-14,Chemtica Lure,0.14285714285714285
2020-02-21,6,Chemtica Lure,6,3,2020-02-14,Chemtica Lure,1.2857142857142858
2020-02-21,7,Chemtica Lure,0,0,2020-02-14,Chemtica Lure,0.0
2020-02-21,8,Chemtica Lure,0,1,2020-02-14,Chemtica Lure,0.14285714285714285
2020-02-21,21,Chemtica Lure,0,3,2020-02-14,Chemtica Lure,0.42857142857142855
2020-02-21,11,Chemtica Lure,0,2,2020-02-14,Chemtica Lure,0.2857142857142857
2020-02-21,12,Chemtica Lure,1,2,2020-02-14,Chemtica Lure,0.42857142857142855
2020-02-21,13,Chemtica Lure,1,1,2020-02-14,Chemtica Lure,0.2857142857142857
2020-02-21,14,Chemtica Lure,3,2,2020-02-14,Chemtica Lure,0.7142857142857143
2020-02-21,15,Chemtica Lure,1,2,2020-02-14,Chemtica Lure,0.42857142857142855
2020-02-21,16,Chemtica Lure,2,4,2020-02-14,Chemtica Lure,0.8571428571428571
2020-02-21,17,Chemtica Lure,2,1,2020-02-14,Chemtica Lure,0.42857142857142855
2020-02-21,18,Chemtica Lure,1,6,2020-02-14,Chemtica Lure,1.0
2020-02-21,9,Chemtica Lure,0,0,2020-02-14,Chemtica Lure,0.0
2020-02-28,28,Chemtica Lure,2,1,2020-02-21,Chemtica Lure,0.42857142857142855
2020-02-28,27,Chemtica Lure,0,1,2020-02-21,Chemtica Lure,0.14285714285714285
2020-02-28,23,Chemtica Lure,0,0,2020-02-21,Chemtica Lure,0.0
2020-02-28,25,Chemtica Lure,0,0,2020-02-21,Chemtica Lure,0.0
2020-02-28,24,Chemtica Lure,0,0,2020-02-21,Chemtica Lure,0.0
2020-02-28,30,Chemtica Lure,3,1,2020-02-21,Chemtica Lure,0.5714285714285714
2020-02-28,26,Chemtica Lure,0,0,2020-02-21,Chemtica Lure,0.0
2020-02-28,31,Chemtica Lure,5,6,2020-02-21,Chemtica Lure,1.5714285714285714
2020-02-28,36,Chemtica Lure,0,0,2020-02-21,Chemtica Lure,0.0
2020-02-28,33,Chemtica Lure,1,4,2020-02-21,Chemtica Lure,0.7142857142857143
2020-02-28,34,Chemtica Lure,1,4,2020-02-21,Chemtica Lure,0.7142857142857143
2020-02-28,35,Chemtica Lure,1,0,2020-02-21,Chemtica Lure,0.14285714285714285
2020-02-28,37,Chemtica Lure,0,2,2020-02-21,Chemtica Lure,0.2857142857142857
2020-02-28,38,Chemtica Lure,1,2,2020-02-21,Chemtica Lure,0.42857142857142855
2020-02-28,39,Chemtica Lure,4,0,2020-02-21,Chemtica Lure,0.5714285714285714
2020-02-28,40,Chemtica Lure,2,0,2020-02-21,Chemtica Lure,0.2857142857142857
2020-02-28,22,Chemtica Lure,2,0,2020-02-21,Chemtica Lure,0.2857142857142857
2020-02-28,32,Chemtica Lure,0,2,2020-02-21,Chemtica Lure,0.2857142857142857
2020-02-28,21,Chemtica Lure,0,0,2020-02-21,Chemtica Lure,0.0
2020-02-28,29,Chemtica Lure,1,3,2020-02-21,Chemtica Lure,0.5714285714285714
2020-02-28,19,Chemtica Lure,4,1,2020-02-14,Chemtica Lure,0.35714285714285715
2020-02-28,20,Chemtica Lure,1,3,2020-02-21,Chemtica Lure,0.5714285714285714
2020-02-28,1,Chemtica Lure,5,4,2020-02-21,Chemtica Lure,1.2857142857142858
2020-02-28,3,Chemtica Lure,2,2,2020-02-21,Chemtica Lure,0.5714285714285714
2020-02-28,4,Chemtica Lure,0,0,2020-02-21,Chemtica Lure,0.0
2020-02-28,5,Chemtica Lure,0,0,2020-02-21,Chemtica Lure,0.0
2020-02-28,6,Chemtica Lure,1,1,2020-02-21,Chemtica Lure,0.2857142857142857
2020-02-28,7,Chemtica Lure,0,0,2020-02-21,Chemtica Lure,0.0
2020-02-28,8,Chemtica Lure,1,2,2020-02-21,Chemtica Lure,0.42857142857142855
2020-02-28,9,Chemtica Lure,0,0,2020-02-21,Chemtica Lure,0.0
2020-02-28,2,Chemtica Lure,3,6,2020-02-21,Chemtica Lure,1.2857142857142858
2020-02-28,11,Chemtica Lure,0,0,2020-02-21,Chemtica Lure,0.0
2020-02-28,12,Chemtica Lure,0,0,2020-02-21,Chemtica Lure,0.0
2020-02-28,13,Chemtica Lure,1,2,2020-02-21,Chemtica Lure,0.42857142857142855
2020-02-28,14,Chemtica Lure,1,2,2020-02-21,Chemtica Lure,0.42857142857142855
2020-02-28,15,Chemtica Lure,0,0,2020-02-21,Chemtica Lure,0.0
2020-02-28,16,Chemtica Lure,1,1,2020-02-21,Chemtica Lure,0.2857142857142857
2020-02-28,17,Chemtica Lure,1,4,2020-02-21,Chemtica Lure,0.7142857142857143
2020-02-28,10,Chemtica Lure,0,0,2020-02-21,Chemtica Lure,0.0
2020-02-28,18,Chemtica Lure,0,3,2020-02-21,Chemtica Lure,0.42857142857142855
2020-03-06,19,Chemtica Lure,1,3,2020-02-28,Chemtica Lure,0.5714285714285714
2020-03-06,18,Chemtica Lure,4,6,2020-02-28,Chemtica Lure,1.4285714285714286
2020-03-06,17,Chemtica Lure,2,1,2020-02-28,Chemtica Lure,0.42857142857142855
2020-03-06,16,Chemtica Lure,2,1,2020-02-28,Chemtica Lure,0.42857142857142855
2020-03-06,15,Chemtica Lure,0,1,2020-02-28,Chemtica Lure,0.14285714285714285
2020-03-06,12,Chemtica Lure,4,0,2020-02-28,Chemtica Lure,0.5714285714285714
2020-03-06,11,Chemtica Lure,0,0,2020-02-28,Chemtica Lure,0.0
2020-03-06,7,Chemtica Lure,2,5,2020-02-28,Chemtica Lure,1.0
2020-03-06,9,Chemtica Lure,0,0,2020-02-28,Chemtica Lure,0.0
2020-03-06,8,Chemtica Lure,3,2,2020-02-28,Chemtica Lure,0.7142857142857143
2020-03-06,6,Chemtica Lure,2,3,2020-02-28,Chemtica Lure,0.7142857142857143
2020-03-06,5,Chemtica Lure,3,2,2020-02-28,Chemtica Lure,0.7142857142857143
2020-03-06,4,Chemtica Lure,0,0,2020-02-28,Chemtica Lure,0.0
2020-03-06,20,Chemtica Lure,0,2,2020-02-28,Chemtica Lure,0.2857142857142857
2020-03-06,3,Chemtica Lure,2,6,2020-02-28,Chemtica Lure,1.1428571428571428
2020-03-06,10,Chemtica Lure,0,2,2020-02-28,Chemtica Lure,0.2857142857142857
2020-03-06,21,Chemtica Lure,1,3,2020-02-28,Chemtica Lure,0.5714285714285714
2020-03-06,30,Chemtica Lure,0,0,2020-02-28,Chemtica Lure,0.0
2020-03-06,23,Chemtica Lure,2,0,2020-02-28,Chemtica Lure,0.2857142857142857
2020-03-06,2,Chemtica Lure,4,6,2020-02-28,Chemtica Lure,1.4285714285714286
2020-03-06,37,Chemtica Lure,3,3,2020-02-28,Chemtica Lure,0.8571428571428571
2020-03-06,36,Chemtica Lure,1,4,2020-02-28,Chemtica Lure,0.7142857142857143
2020-03-06,35,Chemtica Lure,1,4,2020-02-28,Chemtica Lure,0.7142857142857143
2020-03-06,34,Chemtica Lure,4,3,2020-02-28,Chemtica Lure,1.0
2020-03-06,33,Chemtica Lure,0,0,2020-02-28,Chemtica Lure,0.0
2020-03-06,32,Chemtica Lure,3,3,2020-02-28,Chemtica Lure,0.8571428571428571
2020-03-06,31,Chemtica Lure,4,3,2020-02-28,Chemtica Lure,1.0
2020-03-06,29,Chemtica Lure,4,3,2020-02-28,Chemtica Lure,1.0
2020-03-06,38,Chemtica Lure,0,3,2020-02-28,Chemtica Lure,0.42857142857142855
2020-03-06,28,Chemtica Lure,1,0,2020-02-28,Chemtica Lure,0.14285714285714285
2020-03-06,27,Chemtica Lure,0,0,2020-02-28,Chemtica Lure,0.0
2020-03-06,26,Chemtica Lure,0,2,2020-02-28,Chemtica Lure,0.2857142857142857
2020-03-06,25,Chemtica Lure,1,1,2020-02-28,Chemtica Lure,0.2857142857142857
2020-03-06,24,Chemtica Lure,1,3,2020-02-28,Chemtica Lure,0.5714285714285714
2020-03-06,22,Chemtica Lure,5,0,2020-02-28,Chemtica Lure,0.7142857142857143
2020-03-06,1,Chemtica Lure,3,8,2020-02-28,Chemtica Lure,1.5714285714285714
2020-03-06,40,Chemtica Lure,1,0,2020-02-28,Chemtica Lure,0.14285714285714285
2020-03-06,39,Chemtica Lure,3,2,2020-02-28,Chemtica Lure,0.7142857142857143
2020-03-13,38,Chemtica Lure,0,1,2020-03-06,Chemtica Lure,0.14285714285714285
2020-03-13,17,Chemtica Lure,0,2,2020-03-06,Chemtica Lure,0.2857142857142857
2020-03-13,16,Chemtica Lure,0,0,2020-03-06,Chemtica Lure,0.0
2020-03-13,15,Chemtica Lure,0,3,2020-03-06,Chemtica Lure,0.42857142857142855
2020-03-13,14,Chemtica Lure,1,0,2020-02-28,Chemtica Lure,0.07142857142857142
2020-03-13,13,Chemtica Lure,0,1,2020-02-28,Chemtica Lure,0.07142857142857142
2020-03-13,12,Chemtica Lure,2,0,2020-03-06,Chemtica Lure,0.2857142857142857
2020-03-13,11,Chemtica Lure,0,0,2020-03-06,Chemtica Lure,0.0
2020-03-13,9,Chemtica Lure,0,0,2020-03-06,Chemtica Lure,0.0
2020-03-13,8,Chemtica Lure,2,0,2020-03-06,Chemtica Lure,0.2857142857142857
2020-03-13,7,Chemtica Lure,0,1,2020-03-06,Chemtica Lure,0.14285714285714285
2020-03-13,6,Chemtica Lure,1,0,2020-03-06,Chemtica Lure,0.14285714285714285
2020-03-13,5,Chemtica Lure,3,2,2020-03-06,Chemtica Lure,0.7142857142857143
2020-03-13,4,Chemtica Lure,0,0,2020-03-06,Chemtica Lure,0.0
2020-03-13,3,Chemtica Lure,0,0,2020-03-06,Chemtica Lure,0.0
2020-03-13,2,Chemtica Lure,1,0,2020-03-06,Chemtica Lure,0.14285714285714285
2020-03-13,1,Chemtica Lure,3,1,2020-03-06,Chemtica Lure,0.5714285714285714
2020-03-13,18,Chemtica Lure,0,2,2020-03-06,Chemtica Lure,0.2857142857142857
2020-03-13,37,Chemtica Lure,0,4,2020-03-06,Chemtica Lure,0.5714285714285714
2020-03-13,19,Chemtica Lure,1,1,2020-03-06,Chemtica Lure,0.2857142857142857
2020-03-13,21,Chemtica Lure,1,0,2020-03-06,Chemtica Lure,0.14285714285714285
2020-03-13,39,Chemtica Lure,0,1,2020-03-06,Chemtica Lure,0.14285714285714285
2020-03-13,40,Chemtica Lure,0,1,2020-03-06,Chemtica Lure,0.14285714285714285
2020-03-13,36,Chemtica Lure,2,0,2020-03-06,Chemtica Lure,0.2857142857142857
2020-03-13,35,Chemtica Lure,1,2,2020-03-06,Chemtica Lure,0.42857142857142855
2020-03-13,34,Chemtica Lure,1,1,2020-03-06,Chemtica Lure,0.2857142857142857
2020-03-13,33,Chemtica Lure,0,2,2020-03-06,Chemtica Lure,0.2857142857142857
2020-03-13,32,Chemtica Lure,0,2,2020-03-06,Chemtica Lure,0.2857142857142857
2020-03-13,31,Chemtica Lure,2,2,2020-03-06,Chemtica Lure,0.5714285714285714
2020-03-13,30,Chemtica Lure,1,0,2020-03-06,Chemtica Lure,0.14285714285714285
2020-03-13,29,Chemtica Lure,0,0,2020-03-06,Chemtica Lure,0.0
2020-03-13,28,Chemtica Lure,1,0,2020-03-06,Chemtica Lure,0.14285714285714285
2020-03-13,27,Chemtica Lure,1,1,2020-03-06,Chemtica Lure,0.2857142857142857
2020-03-13,26,Chemtica Lure,1,0,2020-03-06,Chemtica Lure,0.14285714285714285
2020-03-13,25,Chemtica Lure,2,1,2020-03-06,Chemtica Lure,0.42857142857142855
2020-03-13,24,Chemtica Lure,2,0,2020-03-06,Chemtica Lure,0.2857142857142857
2020-03-13,23,Chemtica Lure,1,4,2020-03-06,Chemtica Lure,0.7142857142857143
2020-03-13,22,Chemtica Lure,0,0,2020-03-06,Chemtica Lure,0.0
2020-03-13,20,Chemtica Lure,0,0,2020-03-06,Chemtica Lure,0.0
2020-03-13,10,Chemtica Lure,0,3,2020-03-06,Chemtica Lure,0.42857142857142855
