created_at,lat,lon,trap_id,males,females,note,trap_visit_date
2019-07-03 10:21:26.910000+10:00,13.41389,144.738947,1,3,4,1 live male specimen,2019-07-03
2019-07-03 10:24:58.290000+10:00,13.413877,144.738964,2,2,6,All dead,2019-07-03
2019-07-03 10:31:37.096000+10:00,13.412856,144.739523,3,2,3,Deceased,2019-07-03
2019-07-03 10:35:42.392000+10:00,13.412904,144.739554,4,3,1,1 live male,2019-07-03
2019-07-03 10:37:08.097000+10:00,13.412532,144.739769,5,1,3,Deceased,2019-07-03
2019-07-03 10:38:31.812000+10:00,13.412215,144.740315,6,1,3,Live male,2019-07-03
2019-07-03 10:39:42.638000+10:00,13.4115,144.741007,7,1,0,Dead,2019-07-03
2019-07-03 10:41:10.385000+10:00,13.411271,144.741542,8,3,1,Deceased,2019-07-03
2019-07-03 10:50:12.810000+10:00,13.409104,144.739799,9,0,3,Dead,2019-07-03
2019-07-03 10:52:46.118000+10:00,13.40912,144.73982,10,0,1,Deceased,2019-07-03
2019-07-03 10:53:34.892000+10:00,13.4083,144.740268,11,0,0,,2019-07-03
2019-07-03 10:55:22.919000+10:00,13.407745,144.740356,12,1,0,,2019-07-03
2019-07-03 10:56:23.514000+10:00,13.407408,144.739873,13,0,0,,2019-07-03
2019-07-03 10:57:38.536000+10:00,13.407097,144.740455,14,0,0,,2019-07-03
2019-07-03 10:59:22.981000+10:00,13.406512,144.740702,15,0,3,Deceased,2019-07-03
2019-07-03 11:01:18.777000+10:00,13.406011,144.740701,16,0,2,Deceased,2019-07-03
2019-07-03 11:03:34.762000+10:00,13.405342,144.740576,17,1,0,Deceased,2019-07-03
2019-07-03 11:05:31.540000+10:00,13.40461,144.740891,18,0,1,Deceased,2019-07-03
2019-07-03 11:23:23.378000+10:00,13.413728,144.732649,19,3,2,1 live male,2019-07-03
2019-07-03 11:26:22.605000+10:00,13.413218,144.732905,20,2,2,1 live female,2019-07-03
2019-07-03 11:29:13.627000+10:00,13.412624,144.732955,21,0,0,,2019-07-03
2019-07-03 11:30:46.565000+10:00,13.412099,144.732985,22,2,1,1 live male,2019-07-03
2019-07-03 11:32:13.222000+10:00,13.411534,144.733272,23,0,3,Deceased,2019-07-03
2019-07-03 11:33:44.102000+10:00,13.411061,144.733294,24,1,2,1 live female,2019-07-03
2019-07-10 10:18:47.517000+10:00,13.413843,144.738907,1,3,7,,2019-07-10
2019-07-10 10:20:09.650000+10:00,13.413862,144.738955,2,2,0,,2019-07-10
2019-07-10 10:22:10.036000+10:00,13.4128,144.739545,3,2,0,,2019-07-10
2019-07-10 10:22:41.441000+10:00,13.412707,144.739577,4,3,1,,2019-07-10
2019-07-10 10:24:17.439000+10:00,13.412294,144.740287,5,2,2,,2019-07-10
2019-07-10 10:25:16.137000+10:00,13.412286,144.740265,6,2,0,,2019-07-10
2019-07-10 10:26:12.479000+10:00,13.411544,144.740904,7,0,2,,2019-07-10
2019-07-10 10:27:24.875000+10:00,13.411295,144.741587,8,2,2,,2019-07-10
2019-07-10 10:36:23.801000+10:00,13.411299,144.741577,9,0,2,,2019-07-10
2019-07-10 10:37:18.060000+10:00,13.408663,144.740145,10,0,0,,2019-07-10
2019-07-10 10:38:21.996000+10:00,13.408598,144.740109,11,0,0,,2019-07-10
2019-07-10 10:39:09.592000+10:00,13.407753,144.740395,12,0,0,,2019-07-10
2019-07-10 10:40:05.284000+10:00,13.407556,144.740269,13,2,1,,2019-07-10
2019-07-10 10:41:31.581000+10:00,13.407152,144.740097,14,3,1,,2019-07-10
2019-07-10 10:42:39.460000+10:00,13.406991,144.740402,15,1,1,,2019-07-10
2019-07-10 10:43:58.411000+10:00,13.406062,144.740818,16,0,1,,2019-07-10
2019-07-10 10:45:09.971000+10:00,,,17,1,0,,2019-07-10
2019-07-10 10:46:25.637000+10:00,,,18,0,1,,2019-07-10
2019-07-10 10:52:59.304000+10:00,,,24,0,3,,2019-07-10
2019-07-10 10:53:55.038000+10:00,13.411518,144.733268,23,0,0,,2019-07-10
2019-07-10 10:54:59.409000+10:00,13.411672,144.733209,22,0,3,,2019-07-10
2019-07-10 10:55:52.072000+10:00,13.412097,144.733026,21,1,0,,2019-07-10
2019-07-10 10:57:25.437000+10:00,13.412773,144.732918,20,1,2,,2019-07-10
2019-07-10 10:59:16.898000+10:00,13.413689,144.73281,19,2,5,,2019-07-10
2019-07-17 09:53:53.505000+10:00,13.413849,144.738916,1,2,2,,2019-07-17
2019-07-17 09:54:35.732000+10:00,13.413491,144.739389,2,0,3,,2019-07-17
2019-07-17 09:57:57.330000+10:00,13.412836,144.73953,3,2,0,Changed lure,2019-07-17
2019-07-17 09:59:36.916000+10:00,13.412941,144.739516,4,5,4,,2019-07-17
2019-07-17 10:01:34.073000+10:00,13.412586,144.739778,5,1,1,,2019-07-17
2019-07-17 10:03:34.879000+10:00,13.412275,144.740272,6,0,1,Changed lure,2019-07-17
2019-07-17 10:05:24.369000+10:00,13.411716,144.740738,7,2,1,,2019-07-17
2019-07-17 10:07:03.348000+10:00,13.411295,144.74154,8,3,2,,2019-07-17
2019-07-17 10:14:35.319000+10:00,13.411272,144.741552,9,1,0,,2019-07-17
2019-07-17 10:19:32.140000+10:00,13.409121,144.73984,10,0,0,,2019-07-17
2019-07-17 10:20:09.215000+10:00,13.408254,144.740236,11,0,0,,2019-07-17
2019-07-17 10:21:45.285000+10:00,13.407853,144.740262,12,0,0,,2019-07-17
2019-07-17 10:24:51.288000+10:00,13.40772,144.740396,13,0,1,,2019-07-17
2019-07-17 10:28:15.732000+10:00,13.407385,144.739851,14,0,0,,2019-07-17
2019-07-17 10:30:00.938000+10:00,13.406664,144.740685,15,1,2,,2019-07-17
2019-07-17 10:32:09.535000+10:00,13.40657,144.740725,16,0,0,,2019-07-17
2019-07-17 10:34:38.266000+10:00,13.405227,144.740648,17,1,2,,2019-07-17
2019-07-17 10:36:02.301000+10:00,13.404999,144.740823,18,0,2,,2019-07-17
2019-07-17 10:45:29.901000+10:00,13.414532,144.732991,19,1,0,,2019-07-17
2019-07-17 10:46:28.191000+10:00,13.414114,144.733256,20,1,2,,2019-07-17
2019-07-17 10:48:33.216000+10:00,13.413599,144.73344,21,5,0,,2019-07-17
2019-07-17 10:49:26.239000+10:00,13.41304,144.733597,22,1,0,,2019-07-17
2019-07-17 10:51:40.225000+10:00,13.412662,144.733913,23,0,1,,2019-07-17
2019-07-17 10:52:49.173000+10:00,13.412286,144.734439,24,2,0,,2019-07-17
2019-07-17 10:55:15.258000+10:00,13.411633,144.734562,25,2,2,,2019-07-17
2019-07-17 10:57:13.681000+10:00,13.411247,144.735068,26,0,0,,2019-07-17
2019-07-17 10:59:31.803000+10:00,13.410928,144.735551,27,0,1,,2019-07-17
2019-07-17 11:00:10.914000+10:00,13.410657,144.736079,28,0,1,,2019-07-17
2019-07-17 11:03:56.142000+10:00,13.410537,144.736671,29,0,1,,2019-07-17
2019-07-17 11:06:00.577000+10:00,13.411052,144.737128,30,2,1,,2019-07-17
2019-07-17 11:17:50.274000+10:00,13.415504,144.742477,31,1,2,,2019-07-17
2019-07-17 11:20:55.794000+10:00,13.416187,144.742108,32,1,1,,2019-07-17
2019-07-17 11:23:51.568000+10:00,13.416764,144.742723,33,2,1,,2019-07-17
2019-07-17 11:25:54.850000+10:00,13.417076,144.742909,34,3,2,,2019-07-17
2019-07-17 11:27:21.618000+10:00,13.417596,144.743206,35,0,1,,2019-07-17
2019-07-17 11:29:01.842000+10:00,13.417613,144.743239,36,0,0,,2019-07-17
2019-07-17 11:31:02.967000+10:00,13.417878,144.744306,37,0,4,,2019-07-17
2019-07-17 11:32:40.622000+10:00,13.4178,144.744321,38,1,2,,2019-07-17
2019-07-17 11:34:13.602000+10:00,13.417246,144.745424,39,2,0,,2019-07-17
2019-07-17 11:36:07.611000+10:00,13.417007,144.745795,40,1,1,,2019-07-17
2019-07-24 08:35:02.559000+10:00,13.41387,144.738904,1,3,0,,2019-07-24
2019-07-24 08:38:17.168000+10:00,13.413488,144.739379,2,2,1,,2019-07-24
2019-07-24 08:40:55.646000+10:00,13.413468,144.739389,3,1,3,,2019-07-24
2019-07-24 08:41:59.943000+10:00,13.412896,144.739511,4,1,0,,2019-07-24
2019-07-24 08:43:20.335000+10:00,13.412293,144.740265,5,0,0,,2019-07-24
2019-07-24 08:45:38.291000+10:00,13.411896,144.740641,6,0,1,,2019-07-24
2019-07-24 08:46:37.614000+10:00,13.411474,144.74101,7,0,1,,2019-07-24
2019-07-24 08:47:56.317000+10:00,13.411474,144.741026,8,1,3,,2019-07-24
2019-07-24 08:56:41.069000+10:00,13.409069,144.739838,9,1,0,,2019-07-24
2019-07-24 09:01:36.683000+10:00,13.40869,144.740152,10,0,1,,2019-07-24
2019-07-24 09:04:14.627000+10:00,13.408244,144.740326,11,1,0,,2019-07-24
2019-07-24 09:06:07.530000+10:00,13.407726,144.740395,12,0,0,,2019-07-24
2019-07-24 09:07:28.551000+10:00,13.407373,144.739972,13,0,1,,2019-07-24
2019-07-24 09:09:42.047000+10:00,13.407169,144.740481,14,0,1,,2019-07-24
2019-07-24 09:11:55.680000+10:00,13.406535,144.740765,15,2,0,,2019-07-24
2019-07-24 09:15:01.720000+10:00,13.406529,144.740692,16,1,0,,2019-07-24
2019-07-24 09:17:00.456000+10:00,13.40522,144.74069,17,0,3,,2019-07-24
2019-07-24 09:20:20.740000+10:00,13.405211,144.74064,18,1,1,,2019-07-24
2019-07-24 09:33:46.646000+10:00,13.414548,144.733005,19,0,1,,2019-07-24
2019-07-24 09:34:58.865000+10:00,13.414007,144.733303,20,3,1,,2019-07-24
2019-07-24 09:36:22.846000+10:00,13.413555,144.733506,21,4,1,,2019-07-24
2019-07-24 09:37:54.136000+10:00,13.413016,144.73363,22,0,2,,2019-07-24
2019-07-24 09:39:01.293000+10:00,13.412638,144.733963,23,0,0,,2019-07-24
2019-07-24 09:52:53.900000+10:00,13.4122,144.734427,24,0,0,,2019-07-24
2019-07-24 09:54:38.276000+10:00,13.411613,144.734569,25,4,0,,2019-07-24
2019-07-24 09:55:53.129000+10:00,13.411365,144.735185,26,1,0,,2019-07-24
2019-07-24 09:57:21.292000+10:00,13.410888,144.735627,27,0,1,,2019-07-24
2019-07-24 09:58:44.699000+10:00,13.410664,144.736081,28,0,1,,2019-07-24
2019-07-24 10:00:15.466000+10:00,13.410598,144.736702,29,1,0,,2019-07-24
2019-07-24 10:01:48.715000+10:00,13.411055,144.737052,30,2,0,,2019-07-24
2019-07-24 10:10:02.393000+10:00,13.415425,144.742384,31,0,2,,2019-07-24
2019-07-24 10:11:23.906000+10:00,13.416188,144.742061,32,2,0,,2019-07-24
2019-07-24 10:12:47.012000+10:00,13.416764,144.742507,33,2,1,,2019-07-24
2019-07-24 10:14:14.430000+10:00,13.41712,144.742933,34,0,4,,2019-07-24
2019-07-24 10:15:48.138000+10:00,13.417605,144.743232,35,0,0,,2019-07-24
2019-07-24 10:17:21.906000+10:00,13.417934,144.74373,36,1,0,,2019-07-24
2019-07-24 10:19:27.346000+10:00,13.417787,144.744278,37,2,1,,2019-07-24
2019-07-24 10:21:41.953000+10:00,13.417657,144.744891,38,1,3,,2019-07-24
2019-07-24 10:23:59.180000+10:00,13.417274,144.745355,39,0,0,,2019-07-24
2019-07-24 10:24:44.882000+10:00,13.416953,144.745821,40,0,1,,2019-07-24
2019-07-31 08:48:24.909000+10:00,13.413873,144.738909,1,2,1,,2019-07-31
2019-07-31 08:50:45.265000+10:00,13.413465,144.739332,2,4,1,,2019-07-31
2019-07-31 08:52:25.642000+10:00,13.413438,144.739312,3,1,3,,2019-07-31
2019-07-31 08:53:33.871000+10:00,13.412548,144.739748,4,1,1,,2019-07-31
2019-07-31 08:54:35.199000+10:00,13.412558,144.739764,5,0,2,,2019-07-31
2019-07-31 08:56:02.541000+10:00,13.412309,144.740271,6,0,1,,2019-07-31
2019-07-31 08:56:54.350000+10:00,13.411463,144.74098,7,1,0,,2019-07-31
2019-07-31 08:57:45.631000+10:00,13.411246,144.7416,8,0,0,,2019-07-31
2019-07-31 09:04:22.828000+10:00,13.409106,144.739789,9,1,3,,2019-07-31
2019-07-31 09:06:46.923000+10:00,13.408691,144.740103,10,1,0,,2019-07-31
2019-07-31 09:07:45.327000+10:00,13.408235,144.740257,11,0,0,,2019-07-31
2019-07-31 09:08:29.158000+10:00,13.407739,144.740358,12,2,0,,2019-07-31
2019-07-31 09:09:36.250000+10:00,13.407306,144.73988,13,0,0,,2019-07-31
2019-07-31 09:11:08.378000+10:00,13.407017,144.740419,14,1,5,,2019-07-31
2019-07-31 09:12:33.979000+10:00,13.406547,144.740711,15,0,0,,2019-07-31
2019-07-31 09:16:49.515000+10:00,13.406021,144.740711,16,1,0,,2019-07-31
2019-07-31 09:19:07.090000+10:00,13.40599,144.740721,17,0,0,,2019-07-31
2019-07-31 09:20:48.515000+10:00,13.405348,144.740569,18,0,0,,2019-07-31
2019-07-31 09:32:23.989000+10:00,13.414526,144.733053,19,0,1,,2019-07-31
2019-07-31 09:33:03.877000+10:00,13.414008,144.733276,20,0,0,,2019-07-31
2019-07-31 09:34:25.220000+10:00,13.413558,144.73349,21,2,1,,2019-07-31
2019-07-31 09:35:14.290000+10:00,13.413025,144.733599,22,3,0,,2019-07-31
2019-07-31 09:35:40.555000+10:00,13.412698,144.733832,23,0,1,,2019-07-31
2019-07-31 09:36:43.633000+10:00,13.412212,144.734415,24,0,0,,2019-07-31
2019-07-31 09:38:18.180000+10:00,13.411599,144.734632,25,2,0,,2019-07-31
2019-07-31 09:39:04.768000+10:00,13.411302,144.735141,26,2,0,,2019-07-31
2019-07-31 09:39:59.106000+10:00,13.410879,144.735556,27,0,0,,2019-07-31
2019-07-31 09:40:31.134000+10:00,13.410724,144.735806,28,1,0,,2019-07-31
2019-07-31 09:41:30.982000+10:00,13.410545,144.736694,29,0,2,,2019-07-31
2019-07-31 09:42:42.072000+10:00,13.411019,144.737097,30,3,1,,2019-07-31
2019-07-31 09:49:35.306000+10:00,13.415412,144.742363,31,4,1,,2019-07-31
2019-07-31 09:51:13.204000+10:00,13.416217,144.742077,32,0,2,,2019-07-31
2019-07-31 09:51:43.349000+10:00,13.416789,144.742494,33,0,0,,2019-07-31
2019-07-31 09:52:20.212000+10:00,13.417163,144.742872,34,1,1,,2019-07-31
2019-07-31 09:54:10.907000+10:00,13.417582,144.743299,35,1,1,,2019-07-31
2019-07-31 09:55:41.869000+10:00,13.41788,144.743775,36,1,4,,2019-07-31
2019-07-31 09:57:15.129000+10:00,13.417861,144.744385,37,2,3,,2019-07-31
2019-07-31 09:58:33.520000+10:00,13.417617,144.744894,38,1,1,,2019-07-31
2019-07-31 09:59:06.586000+10:00,13.417264,144.745381,39,2,0,,2019-07-31
2019-07-31 10:00:09.122000+10:00,13.416916,144.745817,40,1,1,,2019-07-31
2019-08-07 08:52:56.357000+10:00,13.417134,144.745625,40,1,0,,2019-08-07
2019-08-07 08:54:04.577000+10:00,13.417196,144.745468,39,0,0,,2019-08-07
2019-08-07 08:55:01.346000+10:00,13.417504,144.745067,38,3,0,,2019-08-07
2019-08-07 08:56:11.398000+10:00,,,37,4,0,,2019-08-07
2019-08-07 08:57:31.444000+10:00,13.417914,144.7439,36,0,2,,2019-08-07
2019-08-07 08:58:31.722000+10:00,,,35,0,0,,2019-08-07
2019-08-07 08:59:06.837000+10:00,,,34,0,0,,2019-08-07
2019-08-07 08:59:55.755000+10:00,,,33,1,0,,2019-08-07
2019-08-07 09:00:45.451000+10:00,,,32,2,0,,2019-08-07
2019-08-07 09:02:11+10:00,,,31,3,2,,2019-08-07
2019-08-07 09:06:47.457000+10:00,13.413654,144.738647,1,2,0,,2019-08-07
2019-08-07 09:08:02.139000+10:00,13.413374,144.739293,2,1,1,,2019-08-07
2019-08-07 09:09:37.468000+10:00,13.412726,144.739459,3,1,4,,2019-08-07
2019-08-07 09:09:58.727000+10:00,,,4,1,0,,2019-08-07
2019-08-07 09:10:21.382000+10:00,,,5,1,1,,2019-08-07
2019-08-07 09:11:03.422000+10:00,,,6,1,2,,2019-08-07
2019-08-07 09:11:33.160000+10:00,,,7,1,1,,2019-08-07
2019-08-07 09:11:55.500000+10:00,,,8,0,0,,2019-08-07
2019-08-07 09:18:40.832000+10:00,,,9,0,0,,2019-08-07
2019-08-07 09:20:41.576000+10:00,,,10,0,1,,2019-08-07
2019-08-07 09:21:21.120000+10:00,,,11,0,0,,2019-08-07
2019-08-07 09:22:13.891000+10:00,,,12,0,0,,2019-08-07
2019-08-07 09:23:28.136000+10:00,,,13,1,1,,2019-08-07
2019-08-07 09:24:10.581000+10:00,,,14,1,0,,2019-08-07
2019-08-07 09:25:43.866000+10:00,13.406529,144.740758,15,0,2,,2019-08-07
2019-08-07 09:27:13.356000+10:00,,,16,1,0,,2019-08-07
2019-08-07 09:29:44.632000+10:00,,,17,1,0,,2019-08-07
2019-08-07 09:31:10.810000+10:00,,,18,2,2,,2019-08-07
2019-08-07 09:37:51.180000+10:00,,,19,1,0,,2019-08-07
2019-08-07 09:38:52.937000+10:00,,,20,2,0,,2019-08-07
2019-08-07 09:40:01.701000+10:00,,,21,0,1,,2019-08-07
2019-08-07 09:40:48.818000+10:00,,,22,0,0,,2019-08-07
2019-08-07 09:41:46.212000+10:00,,,23,0,2,,2019-08-07
2019-08-07 09:42:36.402000+10:00,,,24,0,1,,2019-08-07
2019-08-07 09:44:03.599000+10:00,,,25,2,1,,2019-08-07
2019-08-07 09:44:48.674000+10:00,,,26,1,0,,2019-08-07
2019-08-07 09:45:14.041000+10:00,,,27,0,0,,2019-08-07
2019-08-07 09:46:13.952000+10:00,,,28,2,1,,2019-08-07
2019-08-07 09:47:17.429000+10:00,,,29,1,1,,2019-08-07
2019-08-07 09:48:35.705000+10:00,,,30,1,0,,2019-08-07
2019-08-21 12:10:32.143000+10:00,,,1,0,2,,2019-08-21
2019-08-21 12:11:29.625000+10:00,,,2,3,5,,2019-08-21
2019-08-21 12:12:13.161000+10:00,13.430341,144.800947,3,3,3,,2019-08-21
2019-08-21 12:12:44.084000+10:00,,,4,1,1,,2019-08-21
2019-08-21 12:13:15.666000+10:00,,,5,0,0,,2019-08-21
2019-08-21 12:13:47.488000+10:00,,,6,2,1,,2019-08-21
2019-08-21 12:14:21.643000+10:00,,,7,1,2,,2019-08-21
2019-08-21 12:14:49.078000+10:00,,,8,2,3,,2019-08-21
2019-08-21 12:15:15.991000+10:00,,,9,1,1,,2019-08-21
2019-08-21 12:15:44.334000+10:00,,,10,1,2,,2019-08-21
2019-08-21 12:16:17.584000+10:00,,,11,0,0,,2019-08-21
2019-08-21 12:17:01.089000+10:00,,,12,0,0,,2019-08-21
2019-08-21 12:17:37.029000+10:00,,,13,0,1,,2019-08-21
2019-08-21 12:18:22.696000+10:00,,,14,1,2,,2019-08-21
2019-08-21 12:18:53.031000+10:00,,,15,0,0,,2019-08-21
2019-08-21 12:19:28.385000+10:00,,,16,0,0,,2019-08-21
2019-08-21 12:20:00.317000+10:00,,,17,2,1,,2019-08-21
2019-08-21 12:20:28.675000+10:00,,,18,1,1,,2019-08-21
2019-08-21 12:21:00.774000+10:00,,,19,1,0,,2019-08-21
2019-08-21 12:21:32.781000+10:00,,,20,1,1,,2019-08-21
2019-08-21 12:22:20.511000+10:00,,,21,0,3,,2019-08-21
2019-08-21 12:22:55.446000+10:00,,,22,0,0,,2019-08-21
2019-08-21 12:23:32.646000+10:00,,,23,1,0,,2019-08-21
2019-08-21 12:24:04.057000+10:00,,,24,1,0,,2019-08-21
2019-08-21 12:24:33.993000+10:00,,,25,0,4,,2019-08-21
2019-08-21 12:25:05.927000+10:00,,,26,0,2,,2019-08-21
2019-08-21 12:25:35.099000+10:00,,,27,0,0,,2019-08-21
2019-08-21 12:26:05.197000+10:00,,,28,1,0,,2019-08-21
2019-08-21 12:26:33.290000+10:00,,,29,1,1,,2019-08-21
2019-08-21 12:27:01.583000+10:00,,,30,1,2,,2019-08-21
2019-08-21 12:27:29.813000+10:00,,,31,1,1,,2019-08-21
2019-08-21 12:27:57.490000+10:00,,,32,0,2,,2019-08-21
2019-08-21 12:28:23.638000+10:00,,,33,0,1,,2019-08-21
2019-08-21 12:28:51.056000+10:00,,,34,1,1,,2019-08-21
2019-08-21 12:29:19.670000+10:00,,,35,1,2,,2019-08-21
2019-08-21 12:29:51.329000+10:00,,,36,0,3,,2019-08-21
2019-08-21 12:30:19.840000+10:00,,,37,2,1,,2019-08-21
2019-08-21 12:30:45.362000+10:00,,,38,0,2,,2019-08-21
2019-08-21 12:31:14.279000+10:00,,,39,2,2,,2019-08-21
2019-08-21 12:31:41.298000+10:00,,,40,3,5,,2019-08-21
2019-08-23 14:12:03.390000+10:00,,,40,5,4,,2019-08-23
2019-08-23 14:12:52.539000+10:00,,,39,1,1,,2019-08-23
2019-08-23 14:16:37.855000+10:00,,,38,0,1,lure,2019-08-23
2019-08-23 14:18:19.232000+10:00,,,37,0,1,,2019-08-23
2019-08-23 14:19:07.297000+10:00,,,36,1,1,,2019-08-23
2019-08-23 14:20:06.864000+10:00,,,35,1,1,,2019-08-23
2019-08-23 14:21:15.618000+10:00,,,34,2,4,,2019-08-23
2019-08-23 14:22:54.065000+10:00,,,33,2,1,,2019-08-23
2019-08-23 14:23:43.504000+10:00,,,32,2,0,,2019-08-23
2019-08-23 14:24:55.244000+10:00,,,31,3,3,,2019-08-23
2019-08-23 14:28:51.278000+10:00,,,1,0,0,,2019-08-23
2019-08-23 14:30:00.212000+10:00,,,2,2,0,,2019-08-23
2019-08-23 14:31:50.319000+10:00,,,3,1,1,,2019-08-23
2019-08-23 14:32:43.298000+10:00,,,4,3,0,,2019-08-23
2019-08-23 14:33:46.690000+10:00,,,5,0,0,,2019-08-23
2019-08-23 14:34:59.002000+10:00,,,6,1,2,,2019-08-23
2019-08-23 14:36:07.660000+10:00,,,7,1,0,,2019-08-23
2019-08-23 14:37:10.194000+10:00,,,8,2,1,,2019-08-23
2019-08-23 14:45:37.048000+10:00,,,9,0,4,,2019-08-23
2019-08-23 14:47:33.773000+10:00,,,10,0,1,,2019-08-23
2019-08-23 14:48:31.659000+10:00,,,11,1,0,,2019-08-23
2019-08-23 14:49:32.271000+10:00,,,12,1,2,,2019-08-23
2019-08-23 14:50:20.153000+10:00,,,13,0,0,,2019-08-23
2019-08-23 14:51:39.439000+10:00,,,14,1,0,,2019-08-23
2019-08-23 14:52:57.544000+10:00,,,15,2,0,,2019-08-23
2019-08-23 14:54:28.546000+10:00,,,16,0,1,,2019-08-23
2019-08-23 14:55:59.846000+10:00,,,17,0,1,,2019-08-23
2019-08-23 14:57:17.992000+10:00,,,18,0,0,,2019-08-23
2019-08-23 15:05:11.736000+10:00,,,19,0,0,lure,2019-08-23
2019-08-23 15:06:16.949000+10:00,,,20,1,1,lure,2019-08-23
2019-08-23 15:07:35.787000+10:00,,,21,1,1,,2019-08-23
2019-08-23 15:08:16.131000+10:00,,,22,1,0,,2019-08-23
2019-08-23 15:08:55.337000+10:00,,,23,0,2,,2019-08-23
2019-08-23 15:09:38.561000+10:00,,,24,0,0,,2019-08-23
2019-08-23 15:10:38.545000+10:00,,,25,2,1,,2019-08-23
2019-08-23 15:11:27.129000+10:00,,,26,0,0,,2019-08-23
2019-08-23 15:12:08.550000+10:00,,,27,1,1,,2019-08-23
2019-08-23 15:13:02.604000+10:00,,,28,2,2,lure,2019-08-23
2019-08-23 15:14:09.072000+10:00,,,29,1,3,,2019-08-23
2019-08-23 15:15:31.956000+10:00,,,30,0,1,lure,2019-08-23
2019-08-28 09:02:03.942000+10:00,,,40,2,0,,2019-08-28
2019-08-28 09:03:11.512000+10:00,,,39,0,0,,2019-08-28
2019-08-28 09:04:04.821000+10:00,,,38,0,0,,2019-08-28
2019-08-28 09:06:08.464000+10:00,,,37,0,1,,2019-08-28
2019-08-28 09:06:37.706000+10:00,,,36,1,0,,2019-08-28
2019-08-28 09:07:27.754000+10:00,,,35,0,0,,2019-08-28
2019-08-28 09:08:17.988000+10:00,,,34,4,0,,2019-08-28
2019-08-28 09:08:56.103000+10:00,,,33,1,0,,2019-08-28
2019-08-28 09:09:40.778000+10:00,,,32,1,1,,2019-08-28
2019-08-28 09:10:35.714000+10:00,,,31,2,1,,2019-08-28
2019-08-28 09:15:38.076000+10:00,,,1,0,0,,2019-08-28
2019-08-28 09:16:43.913000+10:00,,,2,2,2,,2019-08-28
2019-08-28 09:18:43.863000+10:00,,,3,1,0,lure,2019-08-28
2019-08-28 09:20:48.014000+10:00,,,4,1,2,lure,2019-08-28
2019-08-28 09:21:41.899000+10:00,,,5,1,0,,2019-08-28
2019-08-28 09:22:22.736000+10:00,,,6,0,1,,2019-08-28
2019-08-28 09:23:28.312000+10:00,,,7,1,0,lure,2019-08-28
2019-08-28 09:24:50.829000+10:00,,,8,2,0,,2019-08-28
2019-08-28 09:27:57.649000+10:00,,,9,1,1,,2019-08-28
2019-08-28 09:29:42.003000+10:00,,,10,0,0,,2019-08-28
2019-08-28 09:30:20.181000+10:00,,,11,0,1,,2019-08-28
2019-08-28 09:31:08.350000+10:00,,,12,0,0,,2019-08-28
2019-08-28 09:32:05.698000+10:00,,,13,0,2,,2019-08-28
2019-08-28 09:33:02.172000+10:00,,,14,0,0,,2019-08-28
2019-08-28 09:33:53.020000+10:00,,,15,1,0,,2019-08-28
2019-08-28 09:34:55.098000+10:00,,,16,1,1,,2019-08-28
2019-08-28 09:36:05.789000+10:00,,,17,0,0,,2019-08-28
2019-08-28 09:37:11.037000+10:00,,,18,0,0,,2019-08-28
2019-08-28 09:45:46.369000+10:00,,,19,0,2,,2019-08-28
2019-08-28 09:46:17.465000+10:00,,,20,0,0,,2019-08-28
2019-08-28 09:47:16.959000+10:00,,,21,0,1,,2019-08-28
2019-08-28 09:47:42.074000+10:00,,,22,0,0,,2019-08-28
2019-08-28 09:48:23.561000+10:00,,,23,1,1,,2019-08-28
2019-08-28 09:49:10.928000+10:00,,,24,2,2,,2019-08-28
2019-08-28 09:50:23.547000+10:00,,,25,2,0,,2019-08-28
2019-08-28 09:51:18.037000+10:00,,,26,2,2,lure,2019-08-28
2019-08-28 09:52:39.747000+10:00,,,27,0,0,,2019-08-28
2019-08-28 09:53:52.684000+10:00,,,28,0,0,lure,2019-08-28
2019-08-28 09:55:11.705000+10:00,,,29,1,0,,2019-08-28
2019-08-28 09:56:21.921000+10:00,,,30,2,0,,2019-08-28
2019-09-04 08:49:17.251000+10:00,,,40,1,2,,2019-09-04
2019-09-04 08:50:15.734000+10:00,,,39,1,0,lure,2019-09-04
2019-09-04 08:52:15.264000+10:00,,,38,2,1,,2019-09-04
2019-09-04 08:54:13.313000+10:00,,,37,1,3,,2019-09-04
2019-09-04 08:56:47.533000+10:00,,,36,1,1,,2019-09-04
2019-09-04 08:57:44.837000+10:00,,,35,1,0,lure,2019-09-04
2019-09-04 08:59:28.479000+10:00,,,34,0,1,,2019-09-04
2019-09-04 09:00:16.811000+10:00,,,33,0,2,,2019-09-04
2019-09-04 09:01:27.854000+10:00,,,32,1,1,lure,2019-09-04
2019-09-04 09:02:46.457000+10:00,,,31,3,1,,2019-09-04
2019-09-04 09:06:57.768000+10:00,,,1,0,0,,2019-09-04
2019-09-04 09:07:49.687000+10:00,,,2,2,0,,2019-09-04
2019-09-04 09:09:16.781000+10:00,,,3,0,3,,2019-09-04
2019-09-04 09:10:15.835000+10:00,,,4,0,0,,2019-09-04
2019-09-04 09:10:57.402000+10:00,,,5,1,1,,2019-09-04
2019-09-04 09:12:09.665000+10:00,,,6,2,1,,2019-09-04
2019-09-04 09:12:59.442000+10:00,,,7,2,0,,2019-09-04
2019-09-04 09:13:54.370000+10:00,,,8,0,2,,2019-09-04
2019-09-04 09:16:34.227000+10:00,,,9,1,0,,2019-09-04
2019-09-04 09:18:50.977000+10:00,,,10,3,4,,2019-09-04
2019-09-04 09:19:33.049000+10:00,,,11,0,0,,2019-09-04
2019-09-04 09:20:40.376000+10:00,,,12,3,2,,2019-09-04
2019-09-04 09:21:39.442000+10:00,,,13,3,0,,2019-09-04
2019-09-04 09:22:46.580000+10:00,,,14,0,0,lure,2019-09-04
2019-09-04 09:24:27.517000+10:00,,,15,0,0,,2019-09-04
2019-09-04 09:25:59.760000+10:00,,,16,1,0,,2019-09-04
2019-09-04 09:26:57.669000+10:00,,,17,2,0,,2019-09-04
2019-09-04 09:27:57.697000+10:00,,,18,0,0,,2019-09-04
2019-09-04 09:35:07.833000+10:00,,,19,0,0,,2019-09-04
2019-09-04 09:35:49.799000+10:00,,,20,0,1,,2019-09-04
2019-09-04 09:36:32.408000+10:00,,,21,2,2,,2019-09-04
2019-09-04 09:37:44.610000+10:00,,,22,1,2,,2019-09-04
2019-09-04 09:38:30.029000+10:00,,,23,2,1,lure,2019-09-04
2019-09-04 09:39:25.631000+10:00,,,24,0,2,,2019-09-04
2019-09-04 09:40:23.363000+10:00,,,25,1,3,,2019-09-04
2019-09-04 09:41:00.784000+10:00,,,26,0,0,,2019-09-04
2019-09-04 09:41:35.847000+10:00,,,27,0,1,,2019-09-04
2019-09-04 09:42:11.323000+10:00,,,28,1,1,,2019-09-04
2019-09-04 09:42:54.360000+10:00,,,29,1,2,,2019-09-04
2019-09-04 09:43:46.002000+10:00,,,30,1,1,,2019-09-04
2019-09-11 09:07:52.554000+10:00,,,40,1,0,lure,2019-09-11
2019-09-11 09:10:37.941000+10:00,,,39,2,0,,2019-09-11
2019-09-11 09:11:28.385000+10:00,,,38,0,1,,2019-09-11
2019-09-11 09:12:40.203000+10:00,,,37,0,1,,2019-09-11
2019-09-11 09:13:38.163000+10:00,,,36,0,0,lure,2019-09-11
2019-09-11 09:15:12.517000+10:00,,,35,1,1,,2019-09-11
2019-09-11 09:15:55.748000+10:00,,,34,0,0,,2019-09-11
2019-09-11 09:17:24.993000+10:00,,,33,0,1,lure,2019-09-11
2019-09-11 09:18:34.279000+10:00,,,32,0,2,,2019-09-11
2019-09-11 09:19:50.695000+10:00,,,31,0,2,lure,2019-09-11
2019-09-11 09:24:15.497000+10:00,,,1,0,1,lure,2019-09-11
2019-09-11 09:25:19.700000+10:00,,,2,1,2,,2019-09-11
2019-09-11 09:26:27.717000+10:00,,,3,0,0,,2019-09-11
2019-09-11 09:28:19.084000+10:00,,,4,0,2,,2019-09-11
2019-09-11 09:29:10.697000+10:00,,,5,0,3,,2019-09-11
2019-09-11 09:29:56.102000+10:00,,,6,0,0,,2019-09-11
2019-09-11 09:30:47.193000+10:00,,,7,0,1,,2019-09-11
2019-09-11 09:31:50.305000+10:00,,,8,0,0,lure,2019-09-11
2019-09-11 09:35:49.891000+10:00,,,9,0,0,lure,2019-09-11
2019-09-11 09:36:39.500000+10:00,,,10,0,0,,2019-09-11
2019-09-11 09:37:16.052000+10:00,,,11,0,0,,2019-09-11
2019-09-11 09:38:21.331000+10:00,,,12,0,0,,2019-09-11
2019-09-11 09:39:07.827000+10:00,,,13,0,1,,2019-09-11
2019-09-11 09:40:05.493000+10:00,,,14,0,0,,2019-09-11
2019-09-11 09:40:59.443000+10:00,,,15,0,1,,2019-09-11
2019-09-11 09:42:17.570000+10:00,,,16,0,0,lure,2019-09-11
2019-09-11 09:44:10.057000+10:00,,,17,1,2,lure,2019-09-11
2019-09-11 09:45:31.319000+10:00,,,18,0,0,lure,2019-09-11
2019-09-11 09:53:40.890000+10:00,,,19,1,1,,2019-09-11
2019-09-11 09:54:26.841000+10:00,,,20,0,1,lure,2019-09-11
2019-09-11 09:55:33.912000+10:00,,,21,0,0,,2019-09-11
2019-09-11 09:56:14.076000+10:00,,,22,0,0,,2019-09-11
2019-09-11 09:56:51.349000+10:00,,,23,0,0,,2019-09-11
2019-09-11 09:57:42.660000+10:00,,,24,0,0,lure,2019-09-11
2019-09-11 09:58:49.011000+10:00,,,25,1,0,,2019-09-11
2019-09-11 09:59:30.643000+10:00,,,26,0,2,,2019-09-11
2019-09-11 10:00:16.330000+10:00,,,27,1,0,lure,2019-09-11
2019-09-11 10:01:18.894000+10:00,,,28,1,1,,2019-09-11
2019-09-11 10:02:19.828000+10:00,,,29,1,1,lure,2019-09-11
2019-09-11 10:03:34.250000+10:00,,,30,0,0,,2019-09-11
2019-09-18 08:43:29.094000+10:00,,,40,3,4,,2019-09-18
2019-09-18 08:45:08.967000+10:00,,,39,4,1,,2019-09-18
2019-09-18 08:46:09.100000+10:00,,,38,1,0,,2019-09-18
2019-09-18 08:47:47.235000+10:00,,,37,0,3,,2019-09-18
2019-09-18 08:48:37.968000+10:00,,,36,3,2,,2019-09-18
2019-09-18 08:49:23.267000+10:00,,,35,0,3,,2019-09-18
2019-09-18 08:50:04.638000+10:00,,,34,1,2,,2019-09-18
2019-09-18 08:50:48.766000+10:00,,,33,0,1,,2019-09-18
2019-09-18 08:51:45.731000+10:00,,,32,0,3,,2019-09-18
2019-09-18 08:53:14.079000+10:00,,,31,0,1,,2019-09-18
2019-09-18 08:57:10.979000+10:00,,,1,1,1,,2019-09-18
2019-09-18 08:58:12.852000+10:00,,,2,1,1,,2019-09-18
2019-09-18 09:00:15.982000+10:00,,,3,0,0,,2019-09-18
2019-09-18 09:00:57.484000+10:00,,,4,0,0,,2019-09-18
2019-09-18 09:01:44.727000+10:00,,,5,2,1,,2019-09-18
2019-09-18 09:02:55.341000+10:00,,,6,0,0,,2019-09-18
2019-09-18 09:03:46.465000+10:00,,,7,0,0,,2019-09-18
2019-09-18 09:06:48.207000+10:00,,,10,3,0,,2019-09-18
2019-09-18 09:09:06.668000+10:00,,,9,0,0,,2019-09-18
2019-09-18 09:10:32.576000+10:00,,,10,0,0,,2019-09-18
2019-09-18 09:11:48.644000+10:00,,,11,1,0,,2019-09-18
2019-09-18 09:12:42.792000+10:00,,,12,1,1,,2019-09-18
2019-09-18 09:13:41.358000+10:00,,,13,0,1,,2019-09-18
2019-09-18 09:15:14.332000+10:00,,,14,1,2,,2019-09-18
2019-09-18 09:16:26.413000+10:00,,,15,1,0,,2019-09-18
2019-09-18 09:18:02.459000+10:00,,,16,1,2,,2019-09-18
2019-09-18 09:21:07.386000+10:00,,,17,0,2,,2019-09-18
2019-09-18 09:21:27.972000+10:00,,,18,0,0,,2019-09-18
2019-09-18 09:29:21.866000+10:00,,,19,0,0,,2019-09-18
2019-09-18 09:30:25.868000+10:00,,,20,0,1,,2019-09-18
2019-09-18 09:31:44.950000+10:00,,,21,1,1,,2019-09-18
2019-09-18 09:32:32.986000+10:00,,,22,2,1,,2019-09-18
2019-09-18 09:33:33.533000+10:00,,,23,0,0,,2019-09-18
2019-09-18 09:35:39.608000+10:00,,,24,0,0,,2019-09-18
2019-09-18 09:36:16.940000+10:00,,,25,0,1,,2019-09-18
2019-09-18 09:37:26.624000+10:00,,,26,0,0,,2019-09-18
2019-09-18 09:37:57.854000+10:00,,,27,0,0,,2019-09-18
2019-09-18 09:38:42.139000+10:00,,,28,0,2,,2019-09-18
2019-09-18 09:39:46.323000+10:00,,,29,0,1,,2019-09-18
2019-09-18 09:40:48.772000+10:00,,,30,0,0,,2019-09-18
2019-09-25 10:20:10.421000+10:00,,,40,1,5,,2019-09-25
2019-09-25 10:21:26.398000+10:00,,,39,3,3,,2019-09-25
2019-09-25 10:22:26.853000+10:00,,,38,0,2,,2019-09-25
2019-09-25 10:23:12.382000+10:00,,,37,0,4,,2019-09-25
2019-09-25 10:23:57.157000+10:00,,,36,1,1,,2019-09-25
2019-09-25 10:24:38.310000+10:00,,,35,1,2,,2019-09-25
2019-09-25 10:25:29.587000+10:00,,,34,2,0,,2019-09-25
2019-09-25 10:26:04.613000+10:00,,,33,0,2,,2019-09-25
2019-09-25 10:26:46.657000+10:00,,,32,1,2,,2019-09-25
2019-09-25 10:27:40.463000+10:00,,,31,0,0,,2019-09-25
2019-09-25 10:31:42.988000+10:00,,,1,0,0,,2019-09-25
2019-09-25 10:32:35.729000+10:00,,,2,2,1,,2019-09-25
2019-09-25 10:33:53.059000+10:00,,,3,1,0,,2019-09-25
2019-09-25 10:35:00.480000+10:00,,,4,0,4,,2019-09-25
2019-09-25 10:35:52.714000+10:00,,,5,0,0,,2019-09-25
2019-09-25 10:36:57.341000+10:00,,,6,0,0,,2019-09-25
2019-09-25 10:38:07.101000+10:00,,,7,1,1,,2019-09-25
2019-09-25 10:39:10.985000+10:00,,,8,1,1,,2019-09-25
2019-09-25 10:45:18.941000+10:00,,,9,2,2,,2019-09-25
2019-09-25 10:46:32.799000+10:00,,,10,0,0,,2019-09-25
2019-09-25 10:47:25.617000+10:00,,,11,0,0,,2019-09-25
2019-09-25 10:48:17.101000+10:00,,,12,1,1,,2019-09-25
2019-09-25 10:49:12.998000+10:00,,,13,0,0,,2019-09-25
2019-09-25 10:52:03.886000+10:00,,,14,15,1,,2019-09-25
2019-09-25 10:54:42.113000+10:00,,,16,0,0,,2019-09-25
2019-09-25 10:56:53.392000+10:00,,,17,1,1,,2019-09-25
2019-09-25 10:57:23.091000+10:00,,,18,5,0,,2019-09-25
2019-09-25 11:03:55.888000+10:00,,,19,1,2,,2019-09-25
2019-09-25 11:04:35.572000+10:00,,,20,0,1,,2019-09-25
2019-09-25 11:05:10.006000+10:00,,,21,0,3,,2019-09-25
2019-09-25 11:05:43.705000+10:00,,,22,0,0,,2019-09-25
2019-09-25 11:06:14.614000+10:00,,,23,0,1,,2019-09-25
2019-09-25 11:07:15.088000+10:00,,,24,0,0,,2019-09-25
2019-09-25 11:07:56.119000+10:00,,,25,0,1,,2019-09-25
2019-09-25 11:08:33.007000+10:00,,,26,0,1,,2019-09-25
2019-09-25 11:09:06.534000+10:00,,,27,1,2,,2019-09-25
2019-09-25 11:10:00.116000+10:00,,,28,2,1,,2019-09-25
2019-09-25 11:10:45.537000+10:00,,,29,1,0,,2019-09-25
2019-09-25 11:38:23.819000+10:00,,,30,0,0,,2019-09-25
2019-10-18 13:35:06.374000+10:00,,,40,3,3,lure,2019-10-18
2019-10-18 13:37:28.736000+10:00,,,39,3,7,,2019-10-18
2019-10-18 13:39:16.481000+10:00,,,38,1,2,lure,2019-10-18
2019-10-18 13:40:26.569000+10:00,,,37,2,3,,2019-10-18
2019-10-18 13:41:43.283000+10:00,,,36,3,6,lure,2019-10-18
2019-10-18 13:45:44.685000+10:00,,,35,4,4,lure,2019-10-18
2019-10-18 13:46:43.288000+10:00,,,34,3,1,lure,2019-10-18
2019-10-18 13:48:39.692000+10:00,,,33,4,5,,2019-10-18
2019-10-18 13:49:35.011000+10:00,,,32,2,3,lure,2019-10-18
2019-10-18 13:51:24.007000+10:00,,,31,5,5,,2019-10-18
2019-10-18 13:58:30.567000+10:00,,,1,0,0,lure,2019-10-18
2019-10-18 14:03:57.484000+10:00,13.409049,144.737144,2,0,0,lure,2019-10-18
2019-10-18 14:10:24.163000+10:00,,,3,1,0,,2019-10-18
2019-10-18 14:11:59.742000+10:00,,,4,6,5,,2019-10-18
2019-10-18 14:16:33.358000+10:00,,,5,2,1,lure,2019-10-18
2019-10-18 14:19:09.349000+10:00,,,6,0,0,lure,2019-10-18
2019-10-18 14:21:39.826000+10:00,,,7,6,5,lure,2019-10-18
2019-10-18 14:24:42.935000+10:00,,,8,6,7,,2019-10-18
2019-10-18 14:28:06.818000+10:00,,,9,0,3,,2019-10-18
2019-10-18 14:28:58.545000+10:00,,,10,1,2,lure,2019-10-18
2019-10-18 14:30:17.465000+10:00,,,11,1,1,lure,2019-10-18
2019-10-18 14:31:37.647000+10:00,,,12,0,2,lure,2019-10-18
2019-10-18 14:33:02.282000+10:00,,,13,3,3,lure,2019-10-18
2019-10-18 14:36:04.332000+10:00,,,14,2,2,lure,2019-10-18
2019-10-18 14:39:54.096000+10:00,,,15,1,2,lure,2019-10-18
2019-10-18 14:42:29.157000+10:00,,,16,6,4,,2019-10-18
2019-10-18 14:43:51.617000+10:00,,,17,3,6,,2019-10-18
2019-10-18 14:45:25.221000+10:00,,,18,3,2,,2019-10-18
2019-10-18 14:52:08.085000+10:00,,,19,1,4,lure,2019-10-18
2019-10-18 14:54:27.248000+10:00,,,20,2,3,,2019-10-18
2019-10-18 14:55:29.355000+10:00,,,21,3,2,lure,2019-10-18
2019-10-18 14:56:53.805000+10:00,,,22,1,1,lure,2019-10-18
2019-10-18 14:58:08.664000+10:00,,,23,4,4,lure,2019-10-18
2019-10-18 15:00:30.232000+10:00,,,24,6,5,,2019-10-18
2019-10-18 15:01:52.857000+10:00,,,26,1,1,lure,2019-10-18
2019-10-18 15:03:18.019000+10:00,,,26,0,1,,2019-10-18
2019-10-18 15:04:11.884000+10:00,,,27,5,0,,2019-10-18
2019-10-18 15:05:03.001000+10:00,,,28,0,0,lure,2019-10-18
2019-10-18 15:06:29.952000+10:00,,,29,4,4,,2019-10-18
2019-10-18 15:07:56.041000+10:00,,,30,1,1,lure,2019-10-18
2019-10-25 13:37:32.755000+10:00,,,40,1,4,,2019-10-25
2019-10-25 13:38:17.807000+10:00,,,39,1,0,,2019-10-25
2019-10-25 13:39:09.432000+10:00,,,38,3,2,,2019-10-25
2019-10-25 13:39:46.664000+10:00,,,37,1,0,lure,2019-10-25
2019-10-25 13:40:44.240000+10:00,,,36,0,1,,2019-10-25
2019-10-25 13:41:27.765000+10:00,,,35,0,2,,2019-10-25
2019-10-25 13:42:09.978000+10:00,,,34,3,2,,2019-10-25
2019-10-25 13:42:51.825000+10:00,,,33,1,0,lure,2019-10-25
2019-10-25 13:43:58.730000+10:00,,,32,1,0,,2019-10-25
2019-10-25 13:44:48.124000+10:00,,,31,4,6,,2019-10-25
2019-10-25 13:48:29.560000+10:00,,,1,3,2,,2019-10-25
2019-10-25 13:49:12.021000+10:00,,,2,1,3,,2019-10-25
2019-10-25 13:50:22.342000+10:00,,,3,0,1,,2019-10-25
2019-10-25 13:51:06.292000+10:00,,,4,2,2,lure,2019-10-25
2019-10-25 13:52:05.706000+10:00,,,5,1,3,,2019-10-25
2019-10-25 13:52:53.358000+10:00,,,6,0,1,,2019-10-25
2019-10-25 13:54:02.645000+10:00,,,7,2,1,,2019-10-25
2019-10-25 13:54:58.650000+10:00,,,8,5,3,lure,2019-10-25
2019-10-25 13:58:09.529000+10:00,,,9,0,2,,2019-10-25
2019-10-25 13:58:49.981000+10:00,,,10,2,3,,2019-10-25
2019-10-25 13:59:27.503000+10:00,,,11,0,0,,2019-10-25
2019-10-25 14:00:16.404000+10:00,,,12,1,3,,2019-10-25
2019-10-25 14:01:10.688000+10:00,,,13,3,1,,2019-10-25
2019-10-25 14:02:02.782000+10:00,,,14,0,2,,2019-10-25
2019-10-25 14:02:51.598000+10:00,,,15,1,1,,2019-10-25
2019-10-25 14:03:45.803000+10:00,,,16,0,1,lure,2019-10-25
2019-10-25 14:05:13.749000+10:00,,,17,0,4,,2019-10-25
2019-10-25 14:06:27.490000+10:00,,,18,0,1,,2019-10-25
2019-10-25 14:12:10.362000+10:00,,,19,1,4,,2019-10-25
2019-10-25 14:12:51.075000+10:00,,,20,2,1,,2019-10-25
2019-10-25 14:13:25.335000+10:00,,,21,0,0,,2019-10-25
2019-10-25 14:13:57.817000+10:00,,,22,2,0,,2019-10-25
2019-10-25 14:14:41.951000+10:00,,,23,1,1,,2019-10-25
2019-10-25 14:17:37.736000+10:00,,,24,2,5,,2019-10-25
2019-10-25 14:18:32.104000+10:00,,,25,1,3,,2019-10-25
2019-10-25 14:19:10.406000+10:00,,,26,1,0,lure,2019-10-25
2019-10-25 14:20:00.713000+10:00,,,27,0,1,,2019-10-25
2019-10-25 14:20:32.496000+10:00,,,28,0,1,,2019-10-25
2019-10-25 14:21:27.975000+10:00,,,29,0,2,lure,2019-10-25
2019-10-25 14:23:03.947000+10:00,,,30,4,3,,2019-10-25
2019-10-30 08:39:58.620000+10:00,,,40,1,1,,2019-10-30
2019-10-30 08:40:40.511000+10:00,,,39,0,0,lure,2019-10-30
2019-10-30 08:41:58.920000+10:00,,,38,1,0,,2019-10-30
2019-10-30 08:42:46.122000+10:00,,,37,1,2,,2019-10-30
2019-10-30 08:43:30.324000+10:00,,,36,0,0,,2019-10-30
2019-10-30 08:44:26.175000+10:00,,,35,1,0,,2019-10-30
2019-10-30 08:45:10.823000+10:00,,,34,0,2,,2019-10-30
2019-10-30 08:46:38.413000+10:00,,,33,0,1,,2019-10-30
2019-10-30 08:47:25.314000+10:00,,,32,0,0,,2019-10-30
2019-10-30 08:48:16.727000+10:00,,,31,2,3,,2019-10-30
2019-10-30 08:52:38.409000+10:00,,,1,3,1,,2019-10-30
2019-10-30 08:53:18.646000+10:00,,,2,2,2,,2019-10-30
2019-10-30 08:54:42.336000+10:00,,,3,0,0,lure,2019-10-30
2019-10-30 08:55:57.356000+10:00,,,4,2,3,,2019-10-30
2019-10-30 08:56:34.664000+10:00,,,5,0,0,,2019-10-30
2019-10-30 08:57:28.847000+10:00,,,6,0,1,,2019-10-30
2019-10-30 08:58:19.004000+10:00,,,7,1,2,,2019-10-30
2019-10-30 08:59:07.976000+10:00,,,8,1,1,,2019-10-30
2019-10-30 09:02:18.929000+10:00,,,9,0,0,,2019-10-30
2019-10-30 09:03:01.928000+10:00,,,10,1,1,,2019-10-30
2019-10-30 09:04:24.247000+10:00,,,11,0,0,,2019-10-30
2019-10-30 09:05:08.836000+10:00,,,12,0,3,,2019-10-30
2019-10-30 09:06:16.301000+10:00,,,13,2,4,,2019-10-30
2019-10-30 09:07:34.664000+10:00,,,14,1,1,,2019-10-30
2019-10-30 09:08:38.173000+10:00,,,15,1,3,,2019-10-30
2019-10-30 09:09:50.187000+10:00,,,16,0,3,,2019-10-30
2019-10-30 09:10:59.549000+10:00,,,17,0,1,,2019-10-30
2019-10-30 09:12:36.353000+10:00,,,18,0,0,lure,2019-10-30
2019-10-30 09:19:23.761000+10:00,,,19,2,1,,2019-10-30
2019-10-30 09:20:38.523000+10:00,,,20,2,3,lure,2019-10-30
2019-10-30 09:21:45.950000+10:00,,,21,1,0,,2019-10-30
2019-10-30 09:22:23.390000+10:00,,,22,1,2,,2019-10-30
2019-10-30 09:22:58.507000+10:00,,,23,0,3,,2019-10-30
2019-10-30 09:23:50.244000+10:00,,,24,1,1,lure,2019-10-30
2019-10-30 09:25:02.544000+10:00,,,25,1,4,W-1,2019-10-30
2019-10-30 09:25:46.430000+10:00,,,26,1,1,,2019-10-30
2019-10-30 09:26:30.114000+10:00,,,27,0,1,lure,2019-10-30
2019-10-30 09:27:24.752000+10:00,,,28,0,2,lure,2019-10-30
2019-10-30 09:28:37.439000+10:00,,,29,1,2,lure,2019-10-30
2019-10-30 09:30:05.717000+10:00,,,30,0,2,,2019-10-30
2019-11-06 08:38:52.939000+10:00,,,40,1,2,,2019-11-06
2019-11-06 08:39:44.978000+10:00,,,39,0,2,,2019-11-06
2019-11-06 08:40:28.188000+10:00,,,38,1,1,,2019-11-06
2019-11-06 08:41:11.961000+10:00,,,37,0,2,,2019-11-06
2019-11-06 08:42:12.501000+10:00,,,36,1,1,,2019-11-06
2019-11-06 08:43:12.556000+10:00,,,35,2,1,,2019-11-06
2019-11-06 08:44:02.200000+10:00,,,34,0,0,,2019-11-06
2019-11-06 08:44:45.389000+10:00,,,33,0,2,,2019-11-06
2019-11-06 08:45:32.308000+10:00,,,32,0,1,,2019-11-06
2019-11-06 08:46:18.355000+10:00,,,31,1,3,,2019-11-06
2019-11-06 08:56:05.395000+10:00,,,1,2,1,,2019-11-06
2019-11-06 08:57:15.674000+10:00,,,2,1,3,,2019-11-06
2019-11-06 08:59:32.490000+10:00,,,3,1,4,,2019-11-06
2019-11-06 09:00:20.893000+10:00,,,4,1,0,,2019-11-06
2019-11-06 09:01:03.249000+10:00,,,5,1,2,,2019-11-06
2019-11-06 09:01:55.649000+10:00,,,6,2,3,,2019-11-06
2019-11-06 09:03:20.304000+10:00,,,7,2,2,,2019-11-06
2019-11-06 09:04:24.691000+10:00,,,8,2,5,,2019-11-06
2019-11-06 09:08:01.342000+10:00,,,9,0,0,lure,2019-11-06
2019-11-06 09:08:53.966000+10:00,,,10,1,0,,2019-11-06
2019-11-06 09:09:44.722000+10:00,,,11,1,1,,2019-11-06
2019-11-06 09:10:37.103000+10:00,,,12,3,1,,2019-11-06
2019-11-06 09:11:29.469000+10:00,,,13,0,1,,2019-11-06
2019-11-06 09:12:40.091000+10:00,,,14,2,4,,2019-11-06
2019-11-06 09:13:36.887000+10:00,,,15,1,1,,2019-11-06
2019-11-06 09:15:00.567000+10:00,,,16,2,2,,2019-11-06
2019-11-06 09:16:23.186000+10:00,,,17,0,2,lure,2019-11-06
2019-11-06 09:18:00.892000+10:00,,,18,0,1,,2019-11-06
2019-11-06 09:25:06.734000+10:00,,,19,1,2,,2019-11-06
2019-11-06 09:26:53.436000+10:00,,,20,0,3,,2019-11-06
2019-11-06 09:27:33.897000+10:00,,,21,1,1,,2019-11-06
2019-11-06 09:28:09.618000+10:00,,,22,1,1,,2019-11-06
2019-11-06 09:28:55.321000+10:00,,,23,2,5,,2019-11-06
2019-11-06 09:29:36.831000+10:00,,,24,0,0,,2019-11-06
2019-11-06 09:33:20.397000+10:00,,,25,1,1,,2019-11-06
2019-11-06 09:34:22.277000+10:00,,,26,0,3,,2019-11-06
2019-11-06 09:34:57.190000+10:00,,,27,0,2,,2019-11-06
2019-11-06 09:35:37.045000+10:00,,,28,1,2,,2019-11-06
2019-11-06 09:36:28.090000+10:00,,,29,2,3,,2019-11-06
2019-11-06 09:37:24.048000+10:00,,,30,2,1,,2019-11-06
2019-11-13 08:38:15.971000+10:00,,,40,1,2,,2019-11-13
2019-11-13 08:39:00.158000+10:00,,,39,0,1,,2019-11-13
2019-11-13 08:39:53.251000+10:00,,,38,2,2,,2019-11-13
2019-11-13 08:41:22.202000+10:00,,,37,1,0,,2019-11-13
2019-11-13 08:42:41.777000+10:00,,,36,0,3,,2019-11-13
2019-11-13 08:45:05.388000+10:00,,,35,0,1,,2019-11-13
2019-11-13 08:45:57.723000+10:00,,,34,2,4,,2019-11-13
2019-11-13 08:46:48.220000+10:00,,,33,0,3,,2019-11-13
2019-11-13 08:47:33.728000+10:00,,,32,0,2,,2019-11-13
2019-11-13 08:50:04.139000+10:00,,,31,1,0,,2019-11-13
2019-11-13 08:54:18.210000+10:00,,,1,1,1,,2019-11-13
2019-11-13 08:54:47.911000+10:00,,,2,2,5,,2019-11-13
2019-11-13 08:56:38.491000+10:00,,,3,2,4,,2019-11-13
2019-11-13 08:57:15.340000+10:00,,,4,1,3,,2019-11-13
2019-11-13 08:58:03.628000+10:00,,,5,0,1,lure,2019-11-13
2019-11-13 08:59:14.084000+10:00,,,6,2,1,,2019-11-13
2019-11-13 09:02:36.541000+10:00,,,7,0,0,,2019-11-13
2019-11-13 09:05:09.006000+10:00,,,7,2,2,,2019-11-13
2019-11-13 09:08:12.965000+10:00,,,9,1,2,,2019-11-13
2019-11-13 09:08:53.946000+10:00,,,10,0,2,,2019-11-13
2019-11-13 09:09:59.992000+10:00,,,11,2,1,,2019-11-13
2019-11-13 09:10:55.681000+10:00,,,12,1,2,,2019-11-13
2019-11-13 09:12:29.114000+10:00,,,13,1,1,,2019-11-13
2019-11-13 09:15:14.598000+10:00,,,14,1,2,,2019-11-13
2019-11-13 09:16:16.067000+10:00,,,15,0,2,,2019-11-13
2019-11-13 09:19:45.261000+10:00,,,16,1,2,,2019-11-13
2019-11-13 09:21:58.562000+10:00,,,17,1,1,,2019-11-13
2019-11-13 09:23:10.193000+10:00,,,18,0,1,,2019-11-13
2019-11-13 09:29:26.353000+10:00,,,19,1,2,,2019-11-13
2019-11-13 09:33:19.287000+10:00,,,20,0,1,,2019-11-13
2019-11-13 09:34:12.173000+10:00,,,21,2,1,,2019-11-13
2019-11-13 09:34:55.608000+10:00,,,22,0,0,,2019-11-13
2019-11-13 09:35:31.204000+10:00,,,23,1,4,,2019-11-13
2019-11-13 09:37:29.235000+10:00,,,24,2,3,,2019-11-13
2019-11-13 09:39:23.621000+10:00,,,25,2,1,,2019-11-13
2019-11-13 09:40:03.981000+10:00,,,26,1,1,,2019-11-13
2019-11-13 09:41:08.345000+10:00,,,27,0,1,,2019-11-13
2019-11-13 09:41:52.874000+10:00,,,28,0,1,,2019-11-13
2019-11-13 09:42:49.698000+10:00,,,29,0,3,,2019-11-13
2019-11-13 09:44:25.437000+10:00,,,30,0,0,,2019-11-13
2019-11-22 15:19:56.807000+10:00,,,40,2,6,,2019-11-22
2019-11-22 15:20:48.025000+10:00,,,39,3,7,,2019-11-22
2019-11-22 15:22:02.937000+10:00,,,38,4,4,lure,2019-11-22
2019-11-22 15:23:06.597000+10:00,,,37,4,4,,2019-11-22
2019-11-22 15:23:48.170000+10:00,,,36,0,3,lure,2019-11-22
2019-11-22 15:25:01.243000+10:00,,,35,3,5,,2019-11-22
2019-11-22 15:25:46.036000+10:00,,,34,3,6,,2019-11-22
2019-11-22 15:26:24.977000+10:00,,,33,2,3,,2019-11-22
2019-11-22 15:27:25.643000+10:00,,,32,0,5,,2019-11-22
2019-11-22 15:28:06.569000+10:00,,,31,2,4,,2019-11-22
2019-11-22 15:31:48.144000+10:00,,,1,4,4,,2019-11-22
2019-11-22 15:32:22.064000+10:00,,,2,4,3,,2019-11-22
2019-11-22 15:34:17.184000+10:00,,,3,0,4,,2019-11-22
2019-11-22 15:35:09.624000+10:00,,,4,3,6,,2019-11-22
2019-11-22 15:35:50.331000+10:00,,,5,2,4,,2019-11-22
2019-11-22 15:36:34.986000+10:00,,,6,3,4,,2019-11-22
2019-11-22 15:37:23.012000+10:00,,,7,2,4,,2019-11-22
2019-11-22 15:38:23.732000+10:00,,,8,4,6,,2019-11-22
2019-11-22 15:41:16.639000+10:00,,,9,1,3,,2019-11-22
2019-11-22 15:42:03.342000+10:00,,,10,2,2,lure,2019-11-22
2019-11-22 15:44:17.032000+10:00,,,11,2,2,,2019-11-22
2019-11-22 15:46:27.900000+10:00,,,12,2,4,,2019-11-22
2019-11-22 15:48:56.360000+10:00,,,13,1,2,,2019-11-22
2019-11-22 15:49:51.174000+10:00,,,14,2,3,,2019-11-22
2019-11-22 15:51:41.595000+10:00,,,15,3,5,,2019-11-22
2019-11-22 15:52:39.454000+10:00,,,16,2,3,,2019-11-22
2019-11-22 15:53:46.719000+10:00,,,17,0,3,,2019-11-22
2019-11-22 15:55:19.384000+10:00,,,18,1,1,,2019-11-22
2019-11-22 16:01:21.756000+10:00,,,19,1,5,,2019-11-22
2019-11-22 16:02:13.613000+10:00,,,20,2,4,,2019-11-22
2019-11-22 16:03:05.019000+10:00,,,21,3,3,,2019-11-22
2019-11-22 16:03:55.595000+10:00,,,22,2,3,,2019-11-22
2019-11-22 16:07:12.681000+10:00,,,23,2,3,lure,2019-11-22
2019-11-22 16:08:19.510000+10:00,,,24,4,8,lure,2019-11-22
2019-11-22 16:11:14.382000+10:00,,,25,3,4,lure,2019-11-22
2019-11-22 16:12:26.432000+10:00,,,26,3,3,,2019-11-22
2019-11-22 16:13:05.995000+10:00,,,27,1,1,,2019-11-22
2019-11-22 16:13:52.364000+10:00,,,28,3,2,,2019-11-22
2019-11-22 16:16:16.388000+10:00,,,29,0,3,,2019-11-22
2019-11-22 16:17:13.716000+10:00,,,30,1,4,,2019-11-22
2019-11-29 10:52:34.412000+10:00,,,40,3,1,lure,2019-11-29
2019-11-29 10:53:52.238000+10:00,,,39,0,4,,2019-11-29
2019-11-29 10:58:13.219000+10:00,,,38,1,3,,2019-11-29
2019-11-29 10:59:15.507000+10:00,,,37,2,3,,2019-11-29
2019-11-29 11:01:05.024000+10:00,,,36,3,3,,2019-11-29
2019-11-29 11:03:23.578000+10:00,,,35,0,1,lure,2019-11-29
2019-11-29 11:05:56.313000+10:00,,,34,0,3,,2019-11-29
2019-11-29 11:09:02.337000+10:00,,,33,0,1,,2019-11-29
2019-11-29 11:10:21.705000+10:00,,,32,1,1,,2019-11-29
2019-11-29 11:11:30.482000+10:00,,,31,4,4,,2019-11-29
2019-11-29 11:23:55.973000+10:00,,,1,0,0,,2019-11-29
2019-11-29 11:24:26.130000+10:00,,,2,0,0,fallen trap,2019-11-29
2019-11-29 11:29:20.394000+10:00,,,3,0,1,down trap,2019-11-29
2019-11-29 11:34:31.398000+10:00,,,4,2,6,,2019-11-29
2019-11-29 11:38:00.880000+10:00,,,5,0,0,down trap,2019-11-29
2019-11-29 11:45:03.592000+10:00,,,6,1,3,,2019-11-29
2019-11-29 11:46:04.708000+10:00,,,7,0,2,,2019-11-29
2019-11-29 11:47:00.196000+10:00,,,8,4,7,,2019-11-29
2019-11-29 11:55:45.113000+10:00,,,9,3,4,,2019-11-29
2019-11-29 11:56:06.144000+10:00,,,10,3,2,,2019-11-29
2019-11-29 12:02:40.081000+10:00,,,11,0,0,,2019-11-29
2019-11-29 12:05:26.921000+10:00,,,12,2,3,,2019-11-29
2019-11-29 12:10:23.162000+10:00,,,13,0,0,,2019-11-29
2019-11-29 12:15:19.047000+10:00,,,14,2,2,,2019-11-29
2019-11-29 12:17:15.756000+10:00,,,15,0,0,down trap needs repair,2019-11-29
2019-11-29 12:18:18.750000+10:00,,,16,1,2,,2019-11-29
2019-11-29 12:19:31.162000+10:00,,,17,4,5,,2019-11-29
2019-11-29 12:32:41.930000+10:00,,,19,6,5,,2019-11-29
2019-11-29 12:37:32.550000+10:00,,,20,2,3,lure,2019-11-29
2019-11-29 12:38:06.127000+10:00,,,21,0,5,,2019-11-29
2019-11-29 12:45:31.828000+10:00,,,22,1,0,,2019-11-29
2019-11-29 12:46:12.759000+10:00,,,23,2,2,,2019-11-29
2019-11-29 12:52:23.246000+10:00,,,24,1,2,,2019-11-29
2019-11-29 12:57:09.894000+10:00,,,25,4,5,,2019-11-29
2019-11-29 13:00:58.496000+10:00,,,26,3,3,,2019-11-29
2019-11-29 13:06:33.754000+10:00,,,27,0,2,,2019-11-29
2019-11-29 13:11:34.802000+10:00,,,28,1,3,,2019-11-29
2019-11-29 13:17:20.513000+10:00,,,29,1,3,,2019-11-29
2019-11-29 13:18:54.415000+10:00,,,30,3,4,,2019-11-29
2019-12-04 14:15:12.530000+10:00,,,40,5,3,,2019-12-04
2019-12-04 14:17:04.574000+10:00,,,39,2,2,,2019-12-04
2019-12-04 14:18:29.073000+10:00,,,38,2,3,,2019-12-04
2019-12-04 14:19:23.958000+10:00,,,37,1,1,,2019-12-04
2019-12-04 14:20:27.253000+10:00,,,36,3,3,,2019-12-04
2019-12-04 14:21:36.380000+10:00,,,35,1,4,,2019-12-04
2019-12-04 14:22:48.229000+10:00,,,34,2,2,,2019-12-04
2019-12-04 14:23:39.564000+10:00,,,33,2,2,,2019-12-04
2019-12-04 14:24:32.543000+10:00,,,32,1,1,,2019-12-04
2019-12-04 14:26:03.534000+10:00,,,31,4,4,,2019-12-04
2019-12-04 14:30:38.427000+10:00,,,1,4,5,,2019-12-04
2019-12-04 14:31:33.297000+10:00,,,2,1,3,,2019-12-04
2019-12-04 14:33:30.823000+10:00,,,4,0,2,,2019-12-04
2019-12-04 14:34:48.098000+10:00,,,5,0,4,,2019-12-04
2019-12-04 14:35:56.828000+10:00,,,6,2,0,,2019-12-04
2019-12-04 14:36:55.142000+10:00,,,7,4,0,,2019-12-04
2019-12-04 14:38:04.384000+10:00,,,8,2,5,,2019-12-04
2019-12-04 14:42:49.082000+10:00,,,9,4,1,,2019-12-04
2019-12-04 14:44:57.701000+10:00,,,10,0,0,,2019-12-04
2019-12-04 14:46:04.644000+10:00,,,11,0,0,,2019-12-04
2019-12-04 14:47:59.002000+10:00,,,12,3,2,,2019-12-04
2019-12-04 14:49:53.850000+10:00,,,13,1,3,,2019-12-04
2019-12-04 14:52:00.637000+10:00,,,14,1,4,,2019-12-04
2019-12-04 15:01:32.479000+10:00,,,15,0,0,,2019-12-04
2019-12-04 15:02:22.133000+10:00,,,16,1,3,,2019-12-04
2019-12-04 15:03:30.999000+10:00,,,17,1,3,,2019-12-04
2019-12-04 15:06:21.021000+10:00,,,18,3,2,,2019-12-04
2019-12-04 15:16:29.962000+10:00,,,19,1,1,,2019-12-04
2019-12-04 15:19:10.669000+10:00,,,20,1,4,,2019-12-04
2019-12-04 15:22:25.820000+10:00,,,21,0,0,,2019-12-04
2019-12-04 15:24:04.305000+10:00,,,22,1,3,,2019-12-04
2019-12-04 15:24:56.477000+10:00,,,23,1,2,,2019-12-04
2019-12-04 15:29:35.744000+10:00,,,24,3,2,,2019-12-04
2019-12-04 15:30:44.206000+10:00,,,25,3,5,,2019-12-04
2019-12-04 15:31:37.841000+10:00,,,26,0,0,,2019-12-04
2019-12-04 15:33:36.487000+10:00,,,27,0,0,,2019-12-04
2019-12-04 15:35:11.313000+10:00,,,28,0,1,,2019-12-04
2019-12-04 15:37:08.514000+10:00,,,29,0,3,,2019-12-04
2019-12-04 15:39:09.922000+10:00,,,30,4,3,,2019-12-04
2019-12-13 13:34:05.950000+10:00,,,40,0,4,,2019-12-13
2019-12-13 13:35:29.933000+10:00,,,39,1,2,,2019-12-13
2019-12-13 13:36:22.285000+10:00,,,38,2,4,,2019-12-13
2019-12-13 13:37:39.906000+10:00,,,37,2,2,,2019-12-13
2019-12-13 13:39:11.731000+10:00,,,36,2,4,,2019-12-13
2019-12-13 13:40:22.586000+10:00,,,35,3,9,,2019-12-13
2019-12-13 13:41:12.416000+10:00,,,34,0,2,lure,2019-12-13
2019-12-13 13:42:34.883000+10:00,,,34,3,3,,2019-12-13
2019-12-13 13:43:50.332000+10:00,,,32,2,1,lure,2019-12-13
2019-12-13 13:45:52.105000+10:00,,,31,4,6,,2019-12-13
2019-12-13 13:50:57.992000+10:00,,,1,2,4,,2019-12-13
2019-12-13 13:51:29.511000+10:00,,,2,2,6,lure,2019-12-13
2019-12-13 13:54:03.447000+10:00,,,3,4,5,,2019-12-13
2019-12-13 13:57:18.416000+10:00,,,4,2,6,lure,2019-12-13
2019-12-13 13:58:54.324000+10:00,,,5,2,7,,2019-12-13
2019-12-13 14:00:03.153000+10:00,,,6,3,5,lure,2019-12-13
2019-12-13 14:01:57.623000+10:00,,,7,2,2,lure,2019-12-13
2019-12-13 14:03:31.074000+10:00,,,8,3,5,,2019-12-13
2019-12-13 14:07:38.410000+10:00,,,9,0,0,lure,2019-12-13
2019-12-13 14:07:59.798000+10:00,,,10,2,2,,2019-12-13
2019-12-13 14:08:40.515000+10:00,,,11,3,4,,2019-12-13
2019-12-13 14:09:25.604000+10:00,,,12,2,4,,2019-12-13
2019-12-13 14:10:24.926000+10:00,,,13,1,4,,2019-12-13
2019-12-13 14:11:36.254000+10:00,,,14,3,3,,2019-12-13
2019-12-13 14:13:05.202000+10:00,,,15,0,0,"lure missing, replaced",2019-12-13
2019-12-13 14:13:59.457000+10:00,,,16,3,3,,2019-12-13
2019-12-13 14:15:02.712000+10:00,,,17,1,6,,2019-12-13
2019-12-13 14:16:01.464000+10:00,,,18,2,4,,2019-12-13
2019-12-13 14:24:26.497000+10:00,,,19,2,3,,2019-12-13
2019-12-13 14:25:12.582000+10:00,,,20,3,3,,2019-12-13
2019-12-13 14:25:53.367000+10:00,,,21,1,3,,2019-12-13
2019-12-13 14:26:30.796000+10:00,,,22,2,2,,2019-12-13
2019-12-13 14:27:06.363000+10:00,,,23,1,3,,2019-12-13
2019-12-13 14:27:50.421000+10:00,,,24,3,5,,2019-12-13
2019-12-13 14:28:55.870000+10:00,,,25,0,3,,2019-12-13
2019-12-13 14:29:36.552000+10:00,,,26,0,4,,2019-12-13
2019-12-13 14:30:16.644000+10:00,,,27,0,1,,2019-12-13
2019-12-13 14:30:58.426000+10:00,,,28,1,2,,2019-12-13
2019-12-13 14:32:20.271000+10:00,,,29,4,11,,2019-12-13
2019-12-13 14:33:12.363000+10:00,,,30,3,2,,2019-12-13
2019-12-18 13:49:25.849000+10:00,,,40,2,2,swapped for trap w1,2019-12-18
2019-12-18 14:03:26.282000+10:00,,,39,1,3,lure,2019-12-18
2019-12-18 14:05:58.035000+10:00,,,37,1,3,,2019-12-18
2019-12-18 14:07:19.881000+10:00,,,37,1,2,037 to W2,2019-12-18
2019-12-18 14:16:43.116000+10:00,,,36,0,0,036 to W3,2019-12-18
2019-12-18 14:24:04.365000+10:00,,,35,1,4,035 to W4,2019-12-18
2019-12-18 14:30:34.867000+10:00,,,34,3,4,,2019-12-18
2019-12-18 14:32:30.532000+10:00,,,33,0,0,,2019-12-18
2019-12-18 14:34:10.544000+10:00,,,32,1,0,032 to W5,2019-12-18
2019-12-18 14:41:47.109000+10:00,,,31,1,1,,2019-12-18
2019-12-18 14:52:14.375000+10:00,,,1,1,3,lure,2019-12-18
2019-12-18 14:52:58.634000+10:00,,,2,0,4,,2019-12-18
2019-12-18 14:54:42.320000+10:00,,,3,2,1,,2019-12-18
2019-12-18 14:55:47.387000+10:00,,,4,3,4,,2019-12-18
2019-12-18 14:57:08.144000+10:00,,,5,4,4,,2019-12-18
2019-12-18 14:58:27.116000+10:00,,,6,1,3,,2019-12-18
2019-12-18 14:59:13.358000+10:00,,,7,0,2,,2019-12-18
2019-12-18 15:01:06.358000+10:00,,,8,3,9,,2019-12-18
2019-12-18 15:04:42.953000+10:00,,,9,0,1,lure,2019-12-18
2019-12-18 15:05:38.279000+10:00,,,10,1,1,,2019-12-18
2019-12-18 15:07:11.677000+10:00,,,11,0,4,lure,2019-12-18
2019-12-18 15:09:06.030000+10:00,,,12,0,2,lure,2019-12-18
2019-12-18 15:10:34.886000+10:00,,,13,1,3,,2019-12-18
2019-12-18 15:11:34.576000+10:00,,,14,1,2,lure,2019-12-18
2019-12-18 15:13:22.055000+10:00,,,15,1,5,,2019-12-18
2019-12-18 15:14:52.320000+10:00,,,16,1,3,lure,2019-12-18
2019-12-18 15:17:41.246000+10:00,,,17,0,3,,2019-12-18
2019-12-18 15:19:22.899000+10:00,,,18,1,0,,2019-12-18
2019-12-18 15:26:38.701000+10:00,,,19,0,2,lure,2019-12-18
2019-12-18 15:28:05.435000+10:00,,,20,2,6,,2019-12-18
2019-12-18 15:29:01.982000+10:00,,,21,0,0,lure,2019-12-18
2019-12-18 15:30:27.278000+10:00,,,22,1,5,,2019-12-18
2019-12-18 15:31:23.100000+10:00,,,23,1,5,,2019-12-18
2019-12-18 15:32:16.821000+10:00,,,24,1,6,,2019-12-18
2019-12-18 15:33:25.957000+10:00,,,25,1,1,,2019-12-18
2019-12-18 15:34:22.840000+10:00,,,26,0,1,lure,2019-12-18
2019-12-18 15:35:33.926000+10:00,,,27,1,1,,2019-12-18
2019-12-18 15:36:22.501000+10:00,,,28,1,2,,2019-12-18
2019-12-18 15:37:22.991000+10:00,,,29,3,3,,2019-12-18
2019-12-18 15:38:27.037000+10:00,,,30,1,0,lure,2019-12-18
2019-12-26 11:17:53.314000+10:00,,,40,0,1,,2019-12-26
2019-12-26 11:20:11.987000+10:00,,,39,2,5,,2019-12-26
2019-12-26 11:25:05.888000+10:00,,,38,2,6,,2019-12-26
2019-12-26 11:31:20.981000+10:00,,,37,0,1,W-2 trap,2019-12-26
2019-12-26 11:33:37.849000+10:00,,,36,0,1,W-3,2019-12-26
2019-12-26 11:37:44.994000+10:00,,,35,0,1,W-4,2019-12-26
2019-12-26 11:41:47.281000+10:00,,,34,0,7,indole,2019-12-26
2020-01-09 13:59:51.150000+10:00,,,40,0,3,,2020-01-09
2020-01-09 14:00:52.908000+10:00,,,39,3,1,,2020-01-09
2020-01-09 14:02:26.496000+10:00,,,38,4,4,,2020-01-09
2020-01-09 14:04:51.698000+10:00,,,37,1,0,Change lure,2020-01-09
2020-01-09 14:06:06.893000+10:00,,,36,1,0,,2020-01-09
2020-01-09 14:06:57.790000+10:00,,,35,0,1,,2020-01-09
2020-01-09 14:08:10.869000+10:00,,,34,1,1,,2020-01-09
2020-01-09 14:08:59.260000+10:00,,,33,2,2,,2020-01-09
2020-01-09 14:10:08.790000+10:00,,,32,0,1,,2020-01-09
2020-01-09 14:10:40.254000+10:00,,,31,1,1,,2020-01-09
2020-01-09 14:16:16.118000+10:00,,,1,1,2,,2020-01-09
2020-01-09 14:17:46.257000+10:00,,,2,4,2,,2020-01-09
2020-01-09 14:19:28.075000+10:00,,,3,1,1,,2020-01-09
2020-01-09 14:20:28.449000+10:00,,,4,1,4,Change lure,2020-01-09
2020-01-09 14:23:37.846000+10:00,,,5,1,5,,2020-01-09
2020-01-09 14:24:30.088000+10:00,,,6,0,1,,2020-01-09
2020-01-09 14:25:33.497000+10:00,,,7,2,2,,2020-01-09
2020-01-09 14:27:55.847000+10:00,,,8,6,6,,2020-01-09
2020-01-09 14:32:01.814000+10:00,,,9,4,4,,2020-01-09
2020-01-09 14:33:16.591000+10:00,,,10,0,2,,2020-01-09
2020-01-09 14:33:59.552000+10:00,,,11,0,0,,2020-01-09
2020-01-09 14:34:53.100000+10:00,,,12,3,1,,2020-01-09
2020-01-09 14:37:02.644000+10:00,,,13,2,0,,2020-01-09
2020-01-09 14:38:25.066000+10:00,,,14,0,0,,2020-01-09
2020-01-09 14:40:02.718000+10:00,,,15,0,2,,2020-01-09
2020-01-09 14:42:04.166000+10:00,,,16,1,2,,2020-01-09
2020-01-09 14:43:43.181000+10:00,,,17,3,0,,2020-01-09
2020-01-09 14:45:25.639000+10:00,,,18,0,1,,2020-01-09
2020-01-09 14:55:09.168000+10:00,,,19,1,3,,2020-01-09
2020-01-09 14:56:25.702000+10:00,,,20,0,2,Change lure,2020-01-09
2020-01-09 14:57:48.202000+10:00,,,21,1,1,,2020-01-09
2020-01-09 14:58:41.999000+10:00,,,22,0,0,,2020-01-09
2020-01-09 14:59:41.744000+10:00,,,23,2,2,,2020-01-09
2020-01-09 15:01:02.579000+10:00,,,24,1,0,Change lure,2020-01-09
2020-01-09 15:02:42.827000+10:00,,,25,1,0,,2020-01-09
2020-01-09 15:03:44.665000+10:00,,,26,0,3,,2020-01-09
2020-01-09 15:05:07.540000+10:00,,,27,2,3,,2020-01-09
2020-01-09 15:06:21.145000+10:00,,,28,0,0,,2020-01-09
2020-01-09 15:07:39.643000+10:00,,,29,2,2,,2020-01-09
2020-01-09 15:09:19.237000+10:00,,,30,0,1,,2020-01-09
2020-01-15 14:11:33.746000+10:00,,,40,1,3,,2020-01-15
2020-01-15 14:13:11.845000+10:00,,,39,1,2,,2020-01-15
2020-01-15 14:14:23.498000+10:00,,,38,2,0,,2020-01-15
2020-01-15 14:15:22.400000+10:00,,,37,0,1,,2020-01-15
2020-01-15 14:16:23.313000+10:00,,,36,32,1,,2020-01-15
2020-01-15 14:18:03.640000+10:00,,,35,4,3,,2020-01-15
2020-01-15 14:19:30.214000+10:00,,,34,2,2,,2020-01-15
2020-01-15 14:20:25.938000+10:00,,,33,0,1,,2020-01-15
2020-01-15 14:21:29.790000+10:00,,,32,0,1,,2020-01-15
2020-01-15 14:22:48.874000+10:00,,,31,0,1,,2020-01-15
2020-01-15 14:29:15.595000+10:00,,,1,1,1,,2020-01-15
2020-01-15 14:30:05.751000+10:00,,,2,2,3,,2020-01-15
2020-01-15 14:32:22.435000+10:00,,,3,1,2,,2020-01-15
2020-01-15 14:34:23.914000+10:00,,,4,0,0,,2020-01-15
2020-01-15 14:36:03.858000+10:00,,,5,1,3,,2020-01-15
2020-01-15 14:37:07.771000+10:00,,,6,0,5,,2020-01-15
2020-01-15 14:38:46.094000+10:00,,,7,1,0,,2020-01-15
2020-01-15 14:40:04.438000+10:00,,,8,2,4,,2020-01-15
2020-01-15 14:47:44.575000+10:00,,,9,1,0,,2020-01-15
2020-01-15 14:49:03.615000+10:00,,,10,0,0,,2020-01-15
2020-01-15 14:49:41.907000+10:00,,,11,0,0,,2020-01-15
2020-01-15 14:50:47.481000+10:00,,,12,0,1,,2020-01-15
2020-01-15 14:52:03.271000+10:00,,,13,0,2,,2020-01-15
2020-01-15 14:53:10.817000+10:00,,,14,1,0,,2020-01-15
2020-01-15 14:54:08.622000+10:00,,,15,1,0,,2020-01-15
2020-01-15 14:55:49.955000+10:00,,,16,2,2,,2020-01-15
2020-01-15 14:56:56.003000+10:00,,,17,0,1,,2020-01-15
2020-01-15 14:59:58.194000+10:00,,,18,1,3,,2020-01-15
2020-01-15 15:08:47.154000+10:00,,,19,1,2,,2020-01-15
2020-01-15 15:09:51.152000+10:00,,,20,2,1,,2020-01-15
2020-01-15 15:10:56.116000+10:00,,,21,1,2,,2020-01-15
2020-01-15 15:12:08.722000+10:00,,,22,2,0,,2020-01-15
2020-01-15 15:13:12.845000+10:00,,,23,2,2,,2020-01-15
2020-01-15 15:14:13.152000+10:00,,,24,2,0,,2020-01-15
2020-01-15 15:16:58.945000+10:00,,,25,1,4,,2020-01-15
2020-01-15 15:17:48.304000+10:00,,,26,0,0,,2020-01-15
2020-01-15 15:18:31.987000+10:00,,,28,0,0,,2020-01-15
2020-01-15 15:19:31.863000+10:00,,,29,0,0,,2020-01-15
2020-01-15 15:23:23.178000+10:00,,,30,3,2,,2020-01-15
2020-01-30 11:00:05.605000+10:00,,,2,5,4,Regular Lure,2020-01-30
2020-01-30 11:13:28.333000+10:00,,,40,4,2,Regular Lure,2020-01-30
2020-01-30 11:17:37.091000+10:00,,,39,1,0,Indole Lure,2020-01-30
2020-01-30 11:19:59.898000+10:00,,,38,1,0,Indole Lure,2020-01-30
2020-01-30 11:21:05.245000+10:00,,,37,0,0,Indole Lure,2020-01-30
2020-01-30 11:24:43.820000+10:00,,,36,0,0,Indole Lure,2020-01-30
2020-01-30 11:26:13.412000+10:00,,,35,0,0,Indole Lure,2020-01-30
2020-01-30 11:30:15.317000+10:00,,,34,6,5,Regular Lure,2020-01-30
2020-01-30 11:32:12.578000+10:00,,,33,1,1,Regular Lure,2020-01-30
2020-01-30 11:34:00.962000+10:00,,,32,4,0,Regular Lure,2020-01-30
2020-01-30 11:36:35.386000+10:00,,,31,2,5,Regular Lure,2020-01-30
2020-01-30 11:43:16.500000+10:00,,,1,0,0,Indole Lure,2020-01-30
2020-01-30 11:50:45.867000+10:00,,,4,11,6,Regular Lure,2020-01-30
2020-01-30 11:52:34.729000+10:00,,,5,0,0,Indole Lure,2020-01-30
2020-01-30 11:57:36.995000+10:00,,,6,2,6,Regular Lure,2020-01-30
2020-01-30 11:57:57.779000+10:00,,,7,0,0,Indole Lure,2020-01-30
2020-01-30 12:00:13.135000+10:00,,,8,1,2,Regular Lure,2020-01-30
2020-01-30 12:14:01.946000+10:00,,,3,1,0,Indole Lure,2020-01-30
2020-01-30 12:25:33.831000+10:00,,,19,0,0,Indole Lure,2020-01-30
2020-01-30 12:55:20.430000+10:00,,,18,0,0,Indole,2020-01-30
2020-01-30 12:55:45.645000+10:00,,,17,0,0,Indole Lure,2020-01-30
2020-01-30 13:00:15.211000+10:00,,,16,0,0,Indole Lure,2020-01-30
2020-01-30 13:01:56.006000+10:00,,,15,0,0,Indole Lure,2020-01-30
2020-01-30 13:08:51.445000+10:00,,,14,0,3,Regular Lure,2020-01-30
2020-01-30 13:10:30.408000+10:00,,,13,2,7,Regular Lure,2020-01-30
2020-01-30 13:12:09.026000+10:00,,,12,0,0,Indole Lure,2020-01-30
2020-01-30 13:14:53.285000+10:00,,,10,0,0,Regular Lure,2020-01-30
2020-01-30 13:17:22.847000+10:00,,,9,0,3,Regular Lure,2020-01-30
2020-01-30 13:25:11.620000+10:00,,,20,4,2,Regular Lure,2020-01-30
2020-01-30 13:27:25.229000+10:00,,,21,4,1,Regular Lure,2020-01-30
2020-01-30 13:29:14.389000+10:00,,,22,0,0,Indole Lure,2020-01-30
2020-01-30 13:30:46.388000+10:00,,,23,0,1,Regular Lure,2020-01-30
2020-01-30 13:32:03.814000+10:00,,,24,0,0,Indole Lure,2020-01-30
2020-01-30 13:43:28.403000+10:00,,,25,6,4,Regular Lure,2020-01-30
2020-01-30 13:45:01.766000+10:00,,,26,1,1,Regular Lure,2020-01-30
2020-01-30 13:46:06.694000+10:00,,,27,0,0,Indole Lure,2020-01-30
2020-01-30 13:48:10.293000+10:00,,,28,3,2,Regular Lure,2020-01-30
2020-01-30 13:49:50.170000+10:00,,,29,0,0,Indole Lure,2020-01-30
2020-01-30 13:51:13.068000+10:00,,,30,0,0,Indole Lure,2020-01-30
2020-02-07 12:18:03.739000+10:00,,,1,0,0,Squalene Lure,2020-02-07
2020-02-07 12:18:32.777000+10:00,,,2,3,0,Regular Lure,2020-02-07
2020-02-07 12:19:26.650000+10:00,,,3,0,0,Squalene Lure,2020-02-07
2020-02-07 12:19:55.069000+10:00,,,4,3,0,Regular Lure,2020-02-07
2020-02-07 12:20:26.244000+10:00,,,5,0,0,Squalene Lure,2020-02-07
2020-02-07 12:20:59.571000+10:00,,,6,0,0,Squalene Lure,2020-02-07
2020-02-07 12:21:50.310000+10:00,,,7,0,0,Squalene Lure,2020-02-07
2020-02-07 12:22:27.878000+10:00,,,8,0,0,Regular Lure,2020-02-07
2020-02-07 12:22:52.442000+10:00,,,10,0,0,Regular Lure,2020-02-07
2020-02-07 12:23:56.392000+10:00,,,11,1,0,Regular Lure,2020-02-07
2020-02-07 12:24:59.907000+10:00,,,12,0,0,Squalene Lure,2020-02-07
2020-02-07 12:25:23.637000+10:00,,,13,2,1,Regular Lure,2020-02-07
2020-02-07 12:25:51.162000+10:00,,,14,0,0,Regular Lure,2020-02-07
2020-02-07 12:26:25.147000+10:00,,,15,0,0,Squalene Lure,2020-02-07
2020-02-07 12:26:50.015000+10:00,,,16,0,0,Squalene Lure,2020-02-07
2020-02-07 12:27:15.037000+10:00,,,17,0,0,Squalene Lure,2020-02-07
2020-02-07 12:27:41.490000+10:00,,,18,0,0,Squalene Lure,2020-02-07
2020-02-07 12:28:13.216000+10:00,,,19,0,0,Squalene Lure,2020-02-07
2020-02-07 12:28:46.154000+10:00,,,20,2,1,Regular Lure,2020-02-07
2020-02-07 12:29:23.318000+10:00,,,21,0,0,Regular Lure,2020-02-07
2020-02-07 12:30:18.240000+10:00,,,22,0,0,Squalene Lure,2020-02-07
2020-02-07 12:31:17.004000+10:00,,,23,0,1,Regular Lure,2020-02-07
2020-02-07 12:31:43.247000+10:00,,,24,0,1,Regular Lure,2020-02-07
2020-02-07 12:32:06.780000+10:00,,,25,0,0,Regular Lure,2020-02-07
2020-02-07 12:32:24.613000+10:00,,,26,0,0,Regular Lure,2020-02-07
2020-02-07 12:32:59.518000+10:00,,,27,1,1,Regular Lure,2020-02-07
2020-02-07 12:33:25.773000+10:00,,,28,0,0,Squalene Lure,2020-02-07
2020-02-07 12:34:03.549000+10:00,,,29,0,0,Squalene Lure,2020-02-07
2020-02-07 12:34:37.114000+10:00,,,30,0,0,Squalene Lure,2020-02-07
2020-02-07 12:35:01.610000+10:00,,,31,1,1,Regular Lure,2020-02-07
2020-02-07 12:36:06.661000+10:00,,,32,1,0,Regular Lure,2020-02-07
2020-02-07 12:36:36.186000+10:00,,,33,1,2,Regular Lure,2020-02-07
2020-02-07 12:36:58.779000+10:00,,,34,2,1,Regular Lure,2020-02-07
2020-02-07 12:37:47.554000+10:00,,,35,1,0,Squalene Lure,2020-02-07
2020-02-07 12:38:08.745000+10:00,,,36,0,0,Squalene Lure,2020-02-07
2020-02-07 12:38:50.464000+10:00,,,37,0,0,Squalene Lure,2020-02-07
2020-02-07 12:39:16.668000+10:00,,,38,0,0,Squalene Lure,2020-02-07
2020-02-07 12:39:40.526000+10:00,,,39,0,0,Squalene Lure,2020-02-07
2020-02-07 12:40:06.450000+10:00,,,40,1,0,Regular Lure,2020-02-07
2020-02-14 12:50:16.826000+10:00,,,1,4,5,Chemtica Lure,2020-02-14
2020-02-14 12:51:22.202000+10:00,,,2,1,1,Chemtica Lure,2020-02-14
2020-02-14 12:51:53.137000+10:00,,,3,1,4,Chemtica Lure,2020-02-14
2020-02-14 12:52:20.540000+10:00,,,4,1,5,Chemtica Lure,2020-02-14
2020-02-14 12:52:50.369000+10:00,,,5,1,4,Chemtica Lure,2020-02-14
2020-02-14 12:53:28.915000+10:00,,,6,1,3,Chemtica Lure,2020-02-14
2020-02-14 12:53:55.995000+10:00,,,7,1,0,Chemtica Lure,2020-02-14
2020-02-14 12:57:45.074000+10:00,,,8,3,1,Chemtica Lure,2020-02-14
2020-02-14 12:58:05.940000+10:00,,,9,0,0,Chemtica Lure,2020-02-14
2020-02-14 12:58:44.447000+10:00,,,10,2,3,Chemtica Lure,2020-02-14
2020-02-14 12:59:07.851000+10:00,,,11,0,0,Chemtica Lure,2020-02-14
2020-02-14 12:59:31.894000+10:00,,,12,1,0,Chemtica Lure,2020-02-14
2020-02-14 13:00:02.417000+10:00,,,13,1,3,Chemtica Lure,2020-02-14
2020-02-14 13:00:32.565000+10:00,,,14,0,0,Chemtica Lure,2020-02-14
2020-02-14 13:00:59.069000+10:00,,,15,0,0,Chemtica Lure,2020-02-14
2020-02-14 13:01:22.856000+10:00,,,16,1,1,Chemtica Lure,2020-02-14
2020-02-14 13:02:05.807000+10:00,,,17,0,1,Chemtica Lure,2020-02-14
2020-02-14 13:02:32.826000+10:00,,,18,2,3,Chemtica Lure,2020-02-14
2020-02-14 13:02:53.783000+10:00,,,19,0,0,Chemtica Lure,2020-02-14
2020-02-14 14:11:36.709000+10:00,,,20,1,0,Chemtica Lure,2020-02-14
2020-02-14 14:12:06.251000+10:00,,,21,2,2,Chemtica Lure,2020-02-14
2020-02-14 14:12:45.010000+10:00,,,22,3,1,Chemtica Lure,2020-02-14
2020-02-14 14:14:54.231000+10:00,,,23,0,2,Chemtica Lure,2020-02-14
2020-02-14 14:15:11.841000+10:00,,,25,0,0,Chemtica Lure,2020-02-14
2020-02-14 14:15:59.621000+10:00,,,24,3,2,Chemtica Lure,2020-02-14
2020-02-14 14:20:46.307000+10:00,,,25,0,0,Chemtica Lure,2020-02-14
2020-02-14 14:22:38.922000+10:00,,,26,0,0,Chemtica Lure,2020-02-14
2020-02-14 14:23:03.116000+10:00,,,27,0,0,Chemtica Lure,2020-02-14
2020-02-14 14:23:35.931000+10:00,,,28,0,1,Chemtica Lure,2020-02-14
2020-02-14 14:24:01.945000+10:00,,,29,0,2,Chemtica Lure,2020-02-14
2020-02-14 14:24:32.237000+10:00,,,30,3,1,Chemtica Lure,2020-02-14
2020-02-14 14:24:49.947000+10:00,,,31,0,4,Chemtica Lure,2020-02-14
2020-02-14 14:25:08.615000+10:00,,,32,1,3,Chemtica Lure,2020-02-14
2020-02-14 14:25:26.481000+10:00,,,33,1,1,Chemtica Lure,2020-02-14
2020-02-14 14:26:21.992000+10:00,,,34,1,4,Chemtica Lure,2020-02-14
2020-02-14 14:26:44.111000+10:00,,,35,1,2,Chemtica Lure,2020-02-14
2020-02-14 14:28:32.057000+10:00,,,36,1,2,Chemtica Lure,2020-02-14
2020-02-14 14:28:52.242000+10:00,,,37,1,1,Chemtica Lure,2020-02-14
2020-02-14 14:29:16.996000+10:00,,,38,0,2,Chemtica Lure,2020-02-14
2020-02-14 14:29:48.894000+10:00,,,39,1,0,Chemtica Lure,2020-02-14
2020-02-14 14:30:08.748000+10:00,,,40,1,2,Chemtica Lure,2020-02-14
2020-02-21 14:53:14.547000+10:00,,,1,2,4,Chemtica Lure,2020-02-21
2020-02-21 14:53:36.834000+10:00,,,2,5,3,Chemtica Lure,2020-02-21
2020-02-21 14:53:56.001000+10:00,,,3,3,4,Chemtica Lure,2020-02-21
2020-02-21 14:54:15.969000+10:00,,,4,0,0,Chemtica Lure,2020-02-21
2020-02-21 14:54:32.175000+10:00,,,5,0,1,Chemtica Lure,2020-02-21
2020-02-21 14:54:56.222000+10:00,,,6,6,3,Chemtica Lure,2020-02-21
2020-02-21 14:55:26.379000+10:00,,,7,0,0,Chemtica Lure,2020-02-21
2020-02-21 14:55:53.716000+10:00,,,8,0,1,Chemtica Lure,2020-02-21
2020-02-21 14:56:30.736000+10:00,,,9,0,0,Chemtica Lure,2020-02-21
2020-02-21 14:59:36.412000+10:00,,,10,1,0,Chemtica Lure,2020-02-21
2020-02-21 15:00:35.362000+10:00,,,11,0,2,Chemtica Lure,2020-02-21
2020-02-21 15:01:56.396000+10:00,,,12,1,2,Chemtica Lure,2020-02-21
2020-02-21 15:02:16.928000+10:00,,,13,1,1,Chemtica Lure,2020-02-21
2020-02-21 15:02:46.575000+10:00,,,14,3,2,Chemtica Lure,2020-02-21
2020-02-21 15:05:48.675000+10:00,,,15,1,2,Chemtica Lure,2020-02-21
2020-02-21 15:06:32.831000+10:00,,,16,2,4,Chemtica Lure,2020-02-21
2020-02-21 15:09:34.817000+10:00,,,17,2,1,Chemtica Lure,2020-02-21
2020-02-21 15:10:05.442000+10:00,,,18,1,6,Chemtica Lure,2020-02-21
2020-02-21 15:10:26.331000+10:00,,,20,0,2,Chemtica Lure,2020-02-21
2020-02-21 15:10:51.635000+10:00,,,21,0,3,Chemtica Lure,2020-02-21
2020-02-21 15:11:15.123000+10:00,,,22,0,3,Chemtica Lure,2020-02-21
2020-02-21 15:11:53.477000+10:00,,,23,1,1,Chemtica Lure,2020-02-21
2020-02-21 15:12:19.737000+10:00,,,24,2,0,Chemtica Lure,2020-02-21
2020-02-21 15:16:41.414000+10:00,,,25,0,0,Chemtica Lure,2020-02-21
2020-02-21 15:17:04.437000+10:00,,,26,1,2,Chemtica Lure,2020-02-21
2020-02-21 15:17:20.399000+10:00,,,27,1,2,Chemtica Lure,2020-02-21
2020-02-21 15:17:36.332000+10:00,,,28,0,3,Chemtica Lure,2020-02-21
2020-02-21 15:18:02.999000+10:00,,,29,0,5,Chemtica Lure,2020-02-21
2020-02-21 15:19:22.765000+10:00,,,30,1,4,Chemtica Lure,2020-02-21
2020-02-21 15:20:02.644000+10:00,,,31,0,2,Chemtica Lure,2020-02-21
2020-02-21 15:23:32.963000+10:00,,,32,0,2,Chemtica Lure,2020-02-21
2020-02-21 15:23:59.096000+10:00,,,33,1,2,Chemtica Lure,2020-02-21
2020-02-21 15:24:29.001000+10:00,,,34,1,1,Chemtica Lure,2020-02-21
2020-02-21 15:24:57.473000+10:00,,,35,1,3,Chemtica Lure,2020-02-21
2020-02-21 15:25:23.396000+10:00,,,36,0,1,Chemtica Lure,2020-02-21
2020-02-21 15:25:39.063000+10:00,,,37,0,2,Chemtica Lure,2020-02-21
2020-02-21 15:25:58.475000+10:00,,,38,0,1,Chemtica Lure,2020-02-21
2020-02-21 15:26:17.519000+10:00,,,39,1,0,Chemtica Lure,2020-02-21
2020-02-21 15:26:47.038000+10:00,,,40,0,1,Chemtica Lure,2020-02-21
2020-02-28 14:28:53.448000+10:00,,,1,5,4,Chemtica Lure,2020-02-28
2020-02-28 14:29:13.201000+10:00,,,2,3,6,Chemtica Lure,2020-02-28
2020-02-28 14:29:33.338000+10:00,,,3,2,2,Chemtica Lure,2020-02-28
2020-02-28 14:29:56.928000+10:00,,,4,0,0,Chemtica Lure,2020-02-28
2020-02-28 14:30:11.610000+10:00,,,5,0,0,Chemtica Lure,2020-02-28
2020-02-28 14:30:33.778000+10:00,,,6,1,1,Chemtica Lure,2020-02-28
2020-02-28 14:30:48.769000+10:00,,,7,0,0,Chemtica Lure,2020-02-28
2020-02-28 14:31:16.157000+10:00,,,8,1,2,Chemtica Lure,2020-02-28
2020-02-28 14:32:11.860000+10:00,,,9,0,0,Chemtica Lure,2020-02-28
2020-02-28 14:32:31.781000+10:00,,,10,0,0,Chemtica Lure,2020-02-28
2020-02-28 14:32:59.231000+10:00,,,11,0,0,Chemtica Lure,2020-02-28
2020-02-28 14:33:17.872000+10:00,,,12,0,0,Chemtica Lure,2020-02-28
2020-02-28 14:33:41.729000+10:00,,,13,1,2,Chemtica Lure,2020-02-28
2020-02-28 14:34:04.894000+10:00,,,14,1,2,Chemtica Lure,2020-02-28
2020-02-28 14:34:29.387000+10:00,,,15,0,0,Chemtica Lure,2020-02-28
2020-02-28 14:34:51.560000+10:00,,,16,1,1,Chemtica Lure,2020-02-28
2020-02-28 14:35:08.671000+10:00,,,17,1,4,Chemtica Lure,2020-02-28
2020-02-28 14:35:26.692000+10:00,,,18,0,3,Chemtica Lure,2020-02-28
2020-02-28 14:36:23.074000+10:00,,,19,4,1,Chemtica Lure,2020-02-28
2020-02-28 14:36:40.676000+10:00,,,20,1,3,Chemtica Lure,2020-02-28
2020-02-28 14:38:13.742000+10:00,,,21,0,0,Chemtica Lure,2020-02-28
2020-02-28 14:38:36.397000+10:00,,,22,2,0,Chemtica Lure,2020-02-28
2020-02-28 14:39:30.667000+10:00,,,23,0,0,Chemtica Lure,2020-02-28
2020-02-28 14:39:50.838000+10:00,,,24,0,0,Chemtica Lure,2020-02-28
2020-02-28 14:40:16.733000+10:00,,,25,0,0,Chemtica Lure,2020-02-28
2020-02-28 14:40:41.568000+10:00,,,26,0,0,Chemtica Lure,2020-02-28
2020-02-28 14:41:22.058000+10:00,,,27,0,1,Chemtica Lure,2020-02-28
2020-02-28 14:42:04.468000+10:00,,,28,2,1,Chemtica Lure,2020-02-28
2020-02-28 14:42:24.782000+10:00,,,29,1,3,Chemtica Lure,2020-02-28
2020-02-28 14:42:59.578000+10:00,,,30,3,1,Chemtica Lure,2020-02-28
2020-02-28 14:43:30.036000+10:00,,,31,5,6,Chemtica Lure,2020-02-28
2020-02-28 14:43:47.800000+10:00,,,32,0,2,Chemtica Lure,2020-02-28
2020-02-28 14:44:18.309000+10:00,,,33,1,4,Chemtica Lure,2020-02-28
2020-02-28 14:44:45.684000+10:00,,,34,1,4,Chemtica Lure,2020-02-28
2020-02-28 14:45:06.504000+10:00,,,35,1,0,Chemtica Lure,2020-02-28
2020-02-28 14:45:25.288000+10:00,,,36,0,0,Chemtica Lure,2020-02-28
2020-02-28 14:45:42.439000+10:00,,,37,0,2,Chemtica Lure,2020-02-28
2020-02-28 14:46:03.728000+10:00,,,38,1,2,Chemtica Lure,2020-02-28
2020-02-28 14:46:27.045000+10:00,,,39,4,0,Chemtica Lure,2020-02-28
2020-02-28 14:46:46.864000+10:00,,,40,2,0,Chemtica Lure,2020-02-28
2020-03-13 15:30:21.361000+10:00,,,1,3,1,Chemtica Lure,2020-03-13
2020-03-13 15:30:41.603000+10:00,,,2,1,0,Chemtica Lure,2020-03-13
2020-03-13 15:30:58.845000+10:00,,,3,0,0,Chemtica Lure,2020-03-13
2020-03-13 15:31:29.307000+10:00,,,4,0,0,Chemtica Lure,2020-03-13
2020-03-13 15:31:55.836000+10:00,,,5,3,2,Chemtica Lure,2020-03-13
2020-03-13 15:32:12.137000+10:00,,,6,1,0,Chemtica Lure,2020-03-13
2020-03-13 15:32:36.731000+10:00,,,7,0,1,Chemtica Lure,2020-03-13
2020-03-13 15:32:54.328000+10:00,,,8,2,0,Chemtica Lure,2020-03-13
2020-03-13 15:33:10.330000+10:00,,,9,0,0,Chemtica Lure,2020-03-13
2020-03-13 15:33:25.160000+10:00,,,10,0,3,Chemtica Lure,2020-03-13
2020-03-13 15:33:44.464000+10:00,,,11,0,0,Chemtica Lure,2020-03-13
2020-03-13 15:34:15.292000+10:00,,,12,2,0,Chemtica Lure,2020-03-13
2020-03-13 15:34:32.695000+10:00,,,13,0,1,Chemtica Lure,2020-03-13
2020-03-13 15:34:48.776000+10:00,,,14,1,0,Chemtica Lure,2020-03-13
2020-03-13 15:35:17.194000+10:00,,,15,0,3,Chemtica Lure,2020-03-13
2020-03-13 15:35:35.576000+10:00,,,16,0,0,Chemtica Lure,2020-03-13
2020-03-13 15:35:55.447000+10:00,,,17,0,2,Chemtica Lure,2020-03-13
2020-03-13 15:36:11.546000+10:00,,,18,0,2,Chemtica Lure,2020-03-13
2020-03-13 15:36:31.150000+10:00,,,19,1,1,Chemtica Lure,2020-03-13
2020-03-13 15:36:46.831000+10:00,,,20,0,0,Chemtica Lure,2020-03-13
2020-03-13 15:37:04.813000+10:00,,,21,1,0,Chemtica Lure,2020-03-13
2020-03-13 15:37:19.964000+10:00,,,22,0,0,Chemtica Lure,2020-03-13
2020-03-13 15:37:36.625000+10:00,,,23,1,4,Chemtica Lure,2020-03-13
2020-03-13 15:38:24.640000+10:00,,,24,2,0,Chemtica Lure,2020-03-13
2020-03-13 15:42:09.483000+10:00,,,25,2,1,Chemtica Lure,2020-03-13
2020-03-13 15:42:31.334000+10:00,,,26,1,0,Chemtica Lure,2020-03-13
2020-03-13 15:44:25.858000+10:00,,,27,1,1,Chemtica Lure,2020-03-13
2020-03-13 15:44:44.770000+10:00,,,28,1,0,Chemtica Lure,2020-03-13
2020-03-13 15:45:03.990000+10:00,,,29,0,0,Chemtica Lure,2020-03-13
2020-03-13 15:48:13.965000+10:00,,,30,1,0,Chemtica Lure,2020-03-13
2020-03-13 15:48:45.883000+10:00,,,31,2,2,Chemtica Lure,2020-03-13
2020-03-13 15:49:07.082000+10:00,,,32,0,2,Chemtica Lure,2020-03-13
2020-03-13 15:49:25.920000+10:00,,,33,0,2,Chemtica Lure,2020-03-13
2020-03-13 15:49:50.224000+10:00,,,34,1,1,Chemtica Lure,2020-03-13
2020-03-13 15:50:11.210000+10:00,,,35,1,2,Chemtica Lure,2020-03-13
2020-03-13 15:50:29.130000+10:00,,,36,2,0,Chemtica Lure,2020-03-13
2020-03-13 15:50:53.934000+10:00,,,37,0,4,Chemtica Lure,2020-03-13
2020-03-13 15:51:15.202000+10:00,,,38,0,1,Chemtica Lure,2020-03-13
2020-03-13 15:51:30.516000+10:00,,,39,0,1,Chemtica Lure,2020-03-13
2020-03-13 15:51:48.151000+10:00,,,40,0,1,Chemtica Lure,2020-03-13
2020-03-13 15:52:17.192000+10:00,,,1,3,8,Chemtica Lure,2020-03-06
2020-03-13 15:52:59.253000+10:00,,,2,4,6,Chemtica Lure,2020-03-06
2020-03-13 15:53:30.409000+10:00,,,3,2,6,Chemtica Lure,2020-03-06
2020-03-13 15:53:55.813000+10:00,,,4,0,0,Chemtica Lure,2020-03-06
2020-03-13 15:56:24.153000+10:00,,,5,3,2,Chemtica Lure,2020-03-06
2020-03-13 15:56:43.303000+10:00,,,6,2,3,Chemtica Lure,2020-03-06
2020-03-13 15:57:58.331000+10:00,,,7,2,5,Chemtica Lure,2020-03-06
2020-03-13 15:58:48.494000+10:00,,,8,3,2,Chemtica Lure,2020-03-06
2020-03-13 15:59:47.951000+10:00,,,9,0,0,Chemtica Lure,2020-03-06
2020-03-13 16:00:30.450000+10:00,,,10,0,2,Chemtica Lure,2020-03-06
2020-03-13 16:00:52.015000+10:00,,,11,0,0,Chemtica Lure,2020-03-06
2020-03-13 16:12:32.091000+10:00,,,12,4,0,Chemtica Lure,2020-03-06
2020-03-13 16:13:33.054000+10:00,,,15,0,1,Chemtica Lure,2020-03-06
2020-03-13 16:13:55.495000+10:00,,,16,2,1,Chemtica Lure,2020-03-06
2020-03-13 16:14:21.466000+10:00,,,17,2,1,Chemtica Lure,2020-03-06
2020-03-13 16:15:22.512000+10:00,,,18,4,6,Chemtica Lure,2020-03-06
2020-03-13 16:15:38.938000+10:00,,,19,1,3,Chemtica Lure,2020-03-06
2020-03-13 16:16:55.889000+10:00,,,20,0,2,Chemtica Lure,2020-03-06
2020-03-13 16:17:20.078000+10:00,,,21,1,3,Chemtica Lure,2020-03-06
2020-03-13 16:17:45.703000+10:00,,,22,5,0,Chemtica Lure,2020-03-06
2020-03-13 16:18:04.850000+10:00,,,23,2,0,Chemtica Lure,2020-03-06
2020-03-13 16:19:08.277000+10:00,,,24,1,3,Chemtica Lure,2020-03-06
2020-03-13 16:19:34.482000+10:00,,,25,1,1,Chemtica Lure,2020-03-06
2020-03-13 16:20:04.394000+10:00,,,26,0,2,Chemtica Lure,2020-03-06
2020-03-13 16:20:26.227000+10:00,,,27,0,0,Chemtica Lure,2020-03-06
2020-03-13 16:20:53.115000+10:00,,,28,1,0,Chemtica Lure,2020-03-06
2020-03-13 16:23:22.168000+10:00,,,29,4,3,Chemtica Lure,2020-03-06
2020-03-13 16:23:51.957000+10:00,,,30,0,0,Chemtica Lure,2020-03-06
2020-03-13 16:24:25.784000+10:00,,,31,4,3,Chemtica Lure,2020-03-06
2020-03-13 17:21:24.596000+10:00,,,32,3,3,Chemtica Lure,2020-03-06
2020-03-13 17:21:56.157000+10:00,,,33,0,0,Chemtica Lure,2020-03-06
2020-03-13 17:22:32.979000+10:00,,,34,4,3,Chemtica Lure,2020-03-06
2020-03-13 17:23:20.479000+10:00,,,35,1,4,Chemtica Lure,2020-03-06
2020-03-13 17:23:47.358000+10:00,,,36,1,4,Chemtica Lure,2020-03-06
2020-03-13 17:24:36.340000+10:00,,,37,3,3,Chemtica Lure,2020-03-06
2020-03-13 17:25:07.652000+10:00,,,38,0,3,Chemtica Lure,2020-03-06
2020-03-13 17:25:40.486000+10:00,,,39,3,2,Chemtica Lure,2020-03-06
2020-03-13 17:26:04.606000+10:00,,,40,1,0,Chemtica Lure,2020-03-06
